bin_low,bin_high,count,r2_zeros,r2_montgomery_bin_average,r2_gue_q025,r2_gue_q975,r2_poisson_mean
0.0,0.05,2,0.004000102006676205,0.0027361519686698883,0.0,0.008000296906632082,1.003774590551656
0.05,0.1,3,0.006000183013314663,0.01902399957914082,0.006899881189221563,0.03399888403464043,0.9985889240523773
0.1,0.15000000000000002,12,0.024000852067660304,0.05096164406779774,0.033995357219128955,0.07019797476502751,1.0031387701425325
0.15000000000000002,0.2,25,0.050002025173462986,0.09730645187028958,0.0728935163913944,0.12907923227599738,0.9895097677779368
0.2,0.25,54,0.10800491445028994,0.15627610360158573,0.12198004545424875,0.18931755883561754,1.0017144744536297
0.25,0.30000000000000004,67,0.1340067676592068,0.22564097868743943,0.1818132037628583,0.27038465633037956,0.9972556350042145
0.30000000000000004,0.35000000000000003,112,0.224012433281184,0.3028384459344864,0.2609096237771546,0.3450745884237372,0.9942718879887955
0.35000000000000003,0.4,170,0.34002057223369864,0.38510220849622023,0.3324902929369643,0.43927266816942995,0.9927216288220099
0.4,0.45,189,0.37802476182360206,0.469599033804257,0.4168777092726397,0.5270780723122537,0.9967862206419761
0.45,0.5,244,0.48803440810896337,0.5535648829619515,0.48470048484050254,0.609072457953846,0.9954971800183015
0.5,0.55,304,0.6080459097274705,0.6344326545946251,0.5740051621111435,0.6965773403934962,1.002190465255021
0.55,0.6000000000000001,338,0.6760544250779732,0.7099444541714603,0.6469838423073697,0.7681597444014587,1.0012241322100102
0.6000000000000001,0.65,396,0.792067725163905,0.7782424364076252,0.7069971913199613,0.8499859106351897,0.9948270142289252
0.65,0.7000000000000001,409,0.8180740394056254,0.8379337610039622,0.7738450102113065,0.9110607498937723,1.0108299599161092
0.7000000000000001,0.75,518,1.0360989524222213,0.8881269430374373,0.805418054558886,0.9654682982706921,0.9994818788972136
0.75,0.8,514,1.0281033295961253,0.9284387460303243,0.8677541761241658,1.0098916488384413,1.0023359208567715
0.8,0.8500000000000001,509,1.0181074157681047,0.9589726292614065,0.8750107149372843,1.0485024716862212,1.0029065165180382
0.8500000000000001,0.9,497,0.9941098547149952,0.9802714956145663,0.8887616963475176,1.0676601931659466,0.9985885576797886
0.9,0.9500000000000001,501,1.0021157502606999,0.9932489786832037,0.9072814305150748,1.0654023974081128,0.9990579580117905
0.9500000000000001,1.0,534,1.0681287160783488,0.9991046644207453,0.9237711005975052,1.0775421713846358,0.9866607883647208
1.0,1.05,497,0.9941247690399483,0.9992293959908076,0.9137396792050495,1.1008055553082228,1.0003805989442858
1.05,1.1,510,1.0201331341978552,0.9951071236170075,0.927067690044315,1.0805776808921823,0.9924685786398404
1.1,1.1500000000000001,468,0.9361268517030897,0.9882196293391358,0.9114139857868653,1.0702739536378512,1.0030174782468475
1.1500000000000001,1.2000000000000002,470,0.94013209535581,0.9799599064340573,0.9035698026509849,1.0565880774663388,0.9946797814409758
1.2000000000000002,1.25,490,0.9801426181012539,0.9715590603533639,0.8940546148485421,1.0625158304386992,1.0014310128115476
1.25,1.3,459,0.9181381869303799,0.9640304016361405,0.8789959626439976,1.0553183091296376,1.0009710126701015
1.3,1.35,461,0.922143400712173,0.9581330178583936,0.873854739295018,1.0412456026425505,0.9961898070663432
1.35,1.4000000000000001,461,0.9221480124183916,0.9543556473345811,0.8788622141665725,1.032229878214686,1.0050029513222183
1.4000000000000001,1.4500000000000002,508,1.0161681845525699,0.9529202394948445,0.8751292218218284,1.0322486734581466,1.0092083057186707
1.4500000000000002,1.5,454,0.9081548484382294,0.9538032766102058,0.8806435899979083,1.0186267436830432,1.0004056064884337
1.5,1.55,481,0.962168869410942,0.956771836082967,0.8818666692285464,1.0300974792063113,1.0035420400739343
1.55,1.6,484,0.9681747646355744,0.9614305594540723,0.8784199012607261,1.0445945776601475,1.0048396157970831
1.6,1.6500000000000001,517,1.0341918525783236,0.967275207295959,0.8877329061351189,1.0591645583930034,1.004622837246388
1.6500000000000001,1.7000000000000002,485,0.9701848298434563,0.9737483357768706,0.8917789339470518,1.0563118325624885,0.9972741818133911
1.7000000000000002,1.75,516,1.0322018059809535,0.9802928220454741,0.9058572649663924,1.0663065881970308,1.0002086619105122
1.75,1.8,491,0.9821969407696959,0.9863994582833291,0.9090277995470117,1.0623878046972355,0.9951436145084585
1.8,1.85,499,0.9982051418768606,0.991645573970841,0.9101413141615413,1.0718798452277272,0.9942396229226783
1.85,1.9000000000000001,544,1.0882290842030846,0.9957225624360513,0.9202335679322009,1.0660381992602403,1.0001839777369645
1.9000000000000001,1.9500000000000002,456,0.9121965886539968,0.9984512011963841,0.9282044575975352,1.0822481742927017,1.0074412042474432
1.9500000000000002,2.0,513,1.0262262947504421,0.99978468291922,0.9282119976484149,1.0791972231801237,0.9961520417342925
2.0,2.0500000000000003,506,1.0122282694388507,0.9998002354064908,0.9227587287345511,1.0827446088555215,0.99615743149801
2.0500000000000003,2.1,482,0.9642222648891081,0.9986810346833177,0.9261115589171639,1.0752279501938538,0.9997385125177884
2.1,2.15,499,0.9982350967030701,0.9966907493249713,0.9219983654389937,1.084630578557265,1.0072989065016638
2.15,2.2,460,0.9202213248506741,0.9941434589742189,0.9175861141854615,1.074437676966053,1.0016272530559112
2.2,2.25,512,1.0242514669476226,0.9913718481200522,0.9069866680004942,1.071494871608751,1.0023788965444678
2.25,2.3000000000000003,437,0.8742190033735152,0.9886964906798418,0.911797539701378,1.0601289169687738,1.0028491152480994
2.3000000000000003,2.35,491,0.9822509783261141,0.9863987340228642,0.9049832899815257,1.0776139163566623,0.9990979367887555
2.35,2.4000000000000004,498,0.996259539268404,0.984699201517676,0.8999122455118753,1.0637405817963734,1.0028389235575341
2.4000000000000004,2.45,527,1.0542799260589224,0.983743311690837,0.9177300526891343,1.0512899646894525,0.9993691343032618
2.45,2.5,478,0.9562586815998252,0.9835945185653643,0.9011548067406616,1.0719300039939512,0.9973952012291555
2.5,2.5500000000000003,495,0.9902728345444486,0.9842352731412033,0.9091629914162132,1.0793376909470376,1.0061074396742935
2.5500000000000003,2.6,473,0.9462654414514012,0.9855750491060353,0.902681701637366,1.066583815275728,0.9984348049366586
2.6,2.6500000000000004,492,0.9842810270563093,0.9874642182444933,0.9125648373650574,1.0632866934199279,1.0077347222594981
2.6500000000000004,2.7,526,1.0523057109407055,0.9897121430158813,0.8902037915267275,1.089258620759787,0.9961839117148859
2.7,2.75,508,1.016300332602427,0.9921076018599754,0.9021379881251349,1.0644088479148701,0.9974384880549378
2.75,2.8000000000000003,516,1.0323102256054253,0.9944395880619367,0.9218949657001468,1.086009192946717,1.003668545085284
2.8000000000000003,2.85,491,0.982300108537385,0.9965166210651566,0.914677776987243,1.0924892400090205,1.0043185851836343
2.85,2.9000000000000004,513,1.0263186887946716,0.9981829612570429,0.9291376481683677,1.0712422818861411,0.9961806225466789
2.9000000000000004,2.95,476,0.9523004666815555,0.9993304947657808,0.9301875213752789,1.078452599939217,1.0044101654795032
2.95,3.0,486,0.9723116423620242,0.9999055142150204,0.9240996729346366,1.0755264344539746,0.9909389807932496
3.0,3.0500000000000003,487,0.9743171570123255,0.9999101202270723,0.9160889549931998,1.0705321961122505,0.9916499392562229
3.0500000000000003,3.1,516,1.0323412068245088,0.9993984613396407,0.9247487156718212,1.092631897038743,0.9990713109541721
3.1,3.1500000000000004,490,0.980328917762568,0.9984684744833637,0.9208104178926942,1.0727347230536353,0.9939840795359728
3.1500000000000004,3.2,493,0.9863358651457643,0.9972501482967627,0.9100140891526114,1.0774079671782968,1.0011826126788552
3.2,3.25,495,0.9903421813469846,0.9958915805964224,0.9381626153702975,1.0885181736713452,0.9995707166705434
3.25,3.3000000000000003,498,0.9963492389105231,0.9945442236040337,0.9191516762107111,1.0708382574844928,0.9951102017917899
3.3000000000000003,3.35,475,0.9503378630147713,0.9933487022566465,0.9212392394998901,1.0702081824300975,0.9968118605835242
3.35,3.4000000000000004,472,0.9443404527796877,0.9924224598979756,0.9172041390698356,1.059466823823162,1.0022114550527041
3.4000000000000004,3.45,495,0.9903619965030871,0.9918502500281092,0.8867740160206253,1.0738397824095358,1.0008432965649976
3.45,3.5,514,1.0283810353814729,0.9916781790007416,0.9312708789554677,1.0726236965125104,1.0123255712498362
3.5,3.5500000000000003,500,1.0003756609883683,0.9919116445740108,0.8967552748388237,1.0567118535471702,1.0016614603286487
3.5500000000000003,3.6,497,0.9943783810507015,0.9925171434915084,0.911198700301075,1.0725817687024963,1.001100913850281
3.6,3.6500000000000004,483,0.9663725563926896,0.9934275715686374,0.9301927172905061,1.0596041347844283,1.0001360436455373
3.6500000000000004,3.7,497,0.9943883292564983,0.9945503422406273,0.9012668577940216,1.0737013462904932,0.9988067324972008
3.7,3.75,524,1.0484146700189898,0.9957774282310475,0.9143313613618882,1.090840818597046,0.9998436784513861
3.75,3.8000000000000003,503,1.0064030858423634,0.9969963020028789,0.9286727698841176,1.0856738603645097,1.009122754293008
3.8000000000000003,3.85,516,1.0324186680085035,0.9981007210187256,0.9226105324955244,1.083531132715748,1.0038340338735885
3.85,3.9000000000000004,533,1.0664377959746074,0.9990003713906843,0.9236961678155267,1.092000578614907,1.0012936604670095
3.9000000000000004,3.95,513,1.0264265028758108,0.9996285374538227,0.9207506111032128,1.0601103709150228,1.0033584254361056
3.95,4.0,464,0.928390408916828,0.9999471870958332,0.9099610328036526,1.1026798828872921,0.9988574139300467
4.0,4.05,478,0.956406972801236,0.9999491299424823,0.9249441003067153,1.0894522776272781,1.0001559079350364
4.05,4.1000000000000005,464,0.9283996973211409,0.9996571913681728,0.9223580599275366,1.061380399379618,1.0017167885663516
4.1000000000000005,4.15,469,0.9384086987222543,0.99912062291943,0.9130379853995629,1.0765324126192801,0.9940014076761853
4.15,4.2,488,0.9764301403550371,0.9984092142032729,0.9257661723738912,1.0779217336751599,0.9925534759944732
4.2,4.25,486,0.9724332420564747,0.9976057618109233,0.9343143790926944,1.085095479114785,0.9947608619229402
4.25,4.3,500,1.0004507270338379,0.9967976724421919,0.9049355831811365,1.0603846472448029,1.001373639420384
4.3,4.3500000000000005,478,0.9564356796365611,0.9960685220100214,0.9141498465166933,1.075456080368854,1.005985155127029
4.3500000000000005,4.4,528,1.0564865379457866,0.9954903594399165,0.9241251352779889,1.0922227671607272,1.0026558788960895
4.4,4.45,526,1.0524899601577518,0.9951174395515504,0.9138829237676476,1.0707822475443989,0.9991046737351731
4.45,4.5,486,0.9724575656452701,0.9949819064722125,0.9241292747737867,1.0866905754833573,0.9954323323453261
4.5,4.55,523,1.0464976361239344,0.9950917449648935,0.9183522718718498,1.0649597431163753,1.0010551584800986
4.55,4.6000000000000005,518,1.0364980638442969,0.995431092377226,0.9183361089851412,1.0707785625987907,0.9984941791206157
4.6000000000000005,4.65,524,1.0485090782726283,0.9959627801942404,0.9239712015348411,1.0907948645344994,1.0014697857119705
4.65,4.7,502,1.0044927299321011,0.9966327720025207,0.9220337048844498,1.0716136692713503,0.9969880624117624
4.7,4.75,506,1.012501721333667,0.9973760018265807,0.9173650451141285,1.0804855976151542,1.0105119522692065
4.75,4.800000000000001,483,0.966483750894116,0.9981230067293765,0.9219516831444359,1.0815668825064277,0.9944507121713233
4.800000000000001,4.8500000000000005,538,1.0765442221071664,0.9988066983316245,0.9104397874774243,1.1081005914952096,0.9947002101733956
4.8500000000000005,4.9,473,0.9464832054308946,0.9993686316271203,0.9251655053306953,1.0795878279876392,0.9979580563056645
4.9,4.95,450,0.9004642140477964,0.9997642023880252,0.9221579453113569,1.0716742195287707,0.9975590747671058
4.95,5.0,506,1.012527048427138,0.9999663274770454,0.9212197775505728,1.0755569024434062,1.0039492558561605
