versao,bloco,L,h_hex,nos_sha256,J,rho,e,max_y_l1,vmin,segundos
m4-v1,b01,2519.123430304,0x1.46eb4cbcf1ef3p-9,2aff26618d77bcddaca7508bf66ea95bf4d468c55b4a74d34629f48f4faf8cd8,423,7.944133400463411e-13,7.944133400469725e-13,0.002735386496256254,3232.718997522064,54.107587814331055
m4-v1,b02,2453.822208231999,0x1.4f9e7f088ec22p-9,3feea8d5bc3743d53e2f526398c0d00fdaae8f70179112d7f0e0f92b7b1d8180,423,7.989077684410139e-13,7.989077684416525e-13,0.002815813328818877,3148.8938860426492,51.485756635665894
m4-v1,b03,2402.0062275519995,0x1.56dbed312ce6bp-9,aa7ac72e74008d2819745d132b6e12b6022e27bcc63a378dfab7d62b31180d89,423,7.975451175841992e-13,7.975451175848356e-13,0.002874791130063519,3082.379352024787,52.69805669784546
m4-v1,b04,2359.917344559999,0x1.5cf9546e5e660p-9,328d3864e8a156f340dc9a1af4e816143beb4d4fcdd8c7aa6bef1e4e94a7e05f,423,7.979868409478674e-13,7.979868409485046e-13,0.002927964852448601,3028.351185370288,41.47960448265076
m4-v1,b05,2325.2104665399966,0x1.622ecf1ba89a3p-9,9998aa3e3b1e8bb310752d84c5ce7974f4469b54a08ccf364d0caa978b1d6e10,423,8.314151237884271e-13,8.314151237891187e-13,0.0030240995173735448,2983.7990648001505,43.0653510093689
m4-v1,b06,2295.722556159002,0x1.66bb73366e0ffp-9,db725457d28aad701e77055c3b18acad73169262e84d52b1d2ecfa2f4012cbd8,423,7.977738028586777e-13,7.977738028593145e-13,0.003007771154092492,2945.9463677670633,44.8093695640564
m4-v1,b07,2268.8117847950016,0x1.6afcb9eeeff7ap-9,32484faeb51daf5a151c82ed24692f068045c46170d8a9096ada61409408ff96,423,8.086447275636133e-13,8.086447275642675e-13,0.0030650825297087432,2911.4018625034846,39.22664475440979
m4-v1,b08,2245.668934068999,0x1.6eba5dd993413p-9,a1ea2222614c4f281c4bd9be0f7776c00d1c2a45975d86c346a7d441ffb803c6,423,7.978792833548895e-13,7.978792833555265e-13,0.0030748142135506406,2881.694117678746,40.88370180130005
m4-v1,b09,2225.336033143998,0x1.72142b8679490p-9,f33b4a5804fe2fe5ce1f84cc35114b2941be2f787399955faac8ed2f45ba9fe2,423,8.253344721143142e-13,8.253344721149957e-13,0.0031533324356710826,2855.5934164566647,43.39239549636841
m4-v1,b10,2206.824139444998,0x1.752ee550d7cb9p-9,fdbc8bbcdf1337bad7f50886ecacb75b493705b02f1017f3b388353e73c155ed,423,7.996186480802799e-13,7.996186480809196e-13,0.0031306677434041713,2831.8302845614785,38.551604986190796
m4-v2,c01,2190.138300437,0x1.7806bd7b3cbbdp-9,b48a79a9df79a5aa59950f763ab02803fa137aa03a0453c5604e73c5ed29f363,423,8.174315094827237e-13,8.174315094833922e-13,0.003196618241017289,2810.41120126422,37.11620283126831
m4-v2,c02,2174.4283332339983,0x1.7abe39e68c5f2p-9,a4818faaddb3471fc9ced0431962fdcbf201d3c8b13b7878aa4c097307280938,423,7.978369017277249e-13,7.978369017283618e-13,0.003175852562552619,2790.2448137090596,30.944937229156494
m4-v2,c03,2160.1463870399966,0x1.7d3f458de8a16p-9,8808836e6d907fcfc9b5bb139e92205789249ae3b5ecb5e876f279fa1732ad7b,423,8.006893509385971e-13,8.006893509392385e-13,0.003213289734734642,2771.9115315151193,34.39100408554077
m4-v2,c04,2146.6535467840004,0x1.7fa4bbf23119fp-9,bf0aeaa08a90162e727a9bdda5bf787eb4fd2533cc6d55060fe24f66386af0ae,423,8.216288667909559e-13,8.216288667916313e-13,0.0032864835221317517,2754.5911996324216,35.688469648361206
m4-v2,c05,2133.987569413999,0x1.81eba969e142cp-9,2412e02c03a2a344449be4090ebe60cd66c7b524999b83ccaa8736ab61cb83c6,423,7.986441196771999e-13,7.98644119677838e-13,0.003236259270281645,2738.3322854597977,35.65507507324219
m4-v2,c06,2122.937795484999,0x1.83ede342738a4p-9,9afe9b7c4fd94eaa35eabbc96e7aacb70dcf20c14bc492ebbf0e51035e3ee029,423,7.979606067783939e-13,7.97960606779031e-13,0.003253301073126973,2724.148040478908,32.282140254974365
m4-v2,c07,2111.4322225270007,0x1.860b0b8d69919p-9,3d557c864c2d4ff3ee10f98807059043cc4f89254669bbcba93a99a7fad51f03,423,7.984922161708911e-13,7.984922161715289e-13,0.003272962552340856,2709.3787007140977,32.965121269226074
m4-v2,c08,2101.3722542079995,0x1.87e910b828c71p-9,6a07b3ef48185b65dd50b03a4257ab183cbdf6e526c176b163c1670a7ddd7169,423,8.321280852502133e-13,8.32128085250906e-13,0.003363484627657391,2696.4650378596734,32.35419726371765
m4-v2,c09,2091.670405205994,0x1.89ba6c99216ffp-9,700dc9eb6fc8bf7beed7b4b20fa300070fda8eea30d959f48c6d4509a5f771ea,423,8.019236572904512e-13,8.019236572910946e-13,0.003311816289197595,2684.011081435201,32.54506063461304
m4-v2,c10,2082.683808087,0x1.8b6d57e096975p-9,1e336d523876804a88e75a324bc86ff761aeabee44db47776e5c71f87a95db2f,423,8.286108695375856e-13,8.286108695382725e-13,0.0033859330047337714,2672.475271209633,33.0402729511261
m4-v3,d01,2073.682080368999,0x1.8d24c6108510ep-9,92416ca4aead36b08ab9d5196f56751e946e28cc6e8a170c570771dcc97c0219,423,8.438394860316512e-13,8.438394860323636e-13,0.0034476467714283157,2660.920038313122,34.21001601219177
m4-v3,d02,2065.3777489010026,0x1.8ebd8e7f89a13p-9,1dfb1d54b0b57cfb2f0c2e6c1b4edf990a575d07a11c9fd659ee81927847d3e9,423,8.426939049507883e-13,8.426939049514986e-13,0.0034560729828726927,2650.260030904696,33.492188453674316
m4-v3,d03,2057.545446997996,0x1.904220a49adcap-9,35c9bd5cdbb2a5f209046207888211593d69f2d4a579fb4fac26a7a80df6aaf6,423,8.437471670624781e-13,8.437471670631904e-13,0.0034574872338752503,2640.2059529054195,33.580113649368286
m4-v3,d04,2049.3240492849945,0x1.91dd3274ecbc9p-9,712e307220e9528e4a81e6118c9859a513490d8d9cbaf7c7f343616eba30c9d7,423,8.616720358177655e-13,8.616720358185083e-13,0.0035118477063762333,2629.6524049327786,33.4699342250824
m4-v3,d05,2042.3109697539985,0x1.933e776c239ffp-9,e48037f5f1a43c534336952b3687ac380545bb0d699bf495c2c987ccc35664eb,423,8.387380848222345e-13,8.387380848229383e-13,0.003501440615892691,2620.649936757657,37.14030432701111
m4-v3,d06,2035.5292512130036,0x1.9496658d47b8bp-9,0ca2add23c8d03c496e6934c0d35a7efca3f14080703af6d7fef735157e4d6ff,423,8.576535657650617e-13,8.576535657657976e-13,0.003543407445915464,2611.944459361015,35.64296531677246
m4-v3,d07,2028.8640217929933,0x1.95eaa8d968aaep-9,c96fdef14c1062fc878f6f9b4d5e139050b5a834a2b8cbde8528e4b86e849010,423,7.979797463145523e-13,7.979797463151894e-13,0.003406467921353707,2603.3885153611886,33.71154260635376
m4-v3,d08,2022.4547535259917,0x1.9733f881e2c5ep-9,47b85706ccb1555866f520d51a06286c90def2effb26bfe3c44651a820571c2b,423,7.982822173934199e-13,7.982822173940575e-13,0.003416262765117166,2595.161140590308,33.655473470687866
m4-v3,d09,2016.8827698499954,0x1.9853f6689e8d4p-9,31c90cbc86aaaad60857de393f3717312d8bc93f77d844b62cc3f85090d34543,423,7.972133000931973e-13,7.972133000938332e-13,0.003425337769820784,2588.008561542294,34.83288621902466
m4-v3,d10,2010.1703648389957,0x1.99b10498e3e57p-9,760b00a71f8bb98f8533512a7b36e35911b4caff424cbef5acdd68259fc7f37f,423,7.971741634430347e-13,7.971741634436704e-13,0.003435423417944178,2579.392059729792,34.833592653274536
