versao,bloco,nI,A_dec,B_dec,eta,S2,rest_unit,edge_unit,segundos
m4-v1,b01,3000,9878654772383/1000000000,12397778202687/1000000000,1611087817/536870912000000000,497356821725032076456796428073990466032581264961445285926085482142593/20395202562599893500481895994679979771831039716181812938742314303488,13428634186575866064333503557997742582879694153959022720004308017850011/40790405125199787000963791989359959543662079432363625877484628606976000000000000000,6378215312882321972695188777926582798621161273513394456966141823420947995595627264219380738574810034225989511/2328720463979310263460900557270710436513053203672648063277982704978007070133238876225152117534097875197995473960960000000000000000,622.7967848777771
m4-v1,b02,3000,6199345956981/500000000,7426257061097/500000000,201369833/67108864000000000,52436098927780320934284057788059369082087729494064014012016443927993/2150170031286424044988828723637695158216051737803983077811880460288,1415774671050068665225669560277602965216368696339728378324443986055811/4300340062572848089977657447275390316432103475607966155623760920576000000000000000,45255238276243580886463214131303066346002483560123545409351850919915214096360620311365436568997156536905049/15344126080395251443428324510329194721491715345154185932056836452557480626962934691123047928852618562173990338560000000000000000,663.8740522861481
m4-v1,b03,3000,2970662280117/200000000,17255317628137/1000000000,322154611/107374182400000000,50246639464239692513035298848030028044713632421151899395282490797497/2060320942887430184712566875414511817943565668606891269269416312832,1356659265534471697851953068896810757207268075371101283672627251532419/4120641885774860369425133750829023635887131337213782538538832625664000000000000000,47134982186751225239893534870276664097774085998341211862382204364489411018966444120255312311525817025824073/15055812157285644670591234915634160821709231979845293492551148007112534569260714233082263433384870017735556501340160000000000000,600.6061561107635
m4-v1,b04,3000,4314096933037/250000000,4904076269177/250000000,3224763989/1073741824000000000,1940102377978793811009180888293012882227267440698648606725893910177/79550001970095496623863318896176218736483648856152435881932750848,5820307133936381433027542664879038646681802322095945820177681730531/17677778215576777027525181976928048608107477523589430195985055744000000000000000,149710778980920525911822125109987432148992410614599254075206276938238165068620733249531569636297910778149383/45415022706629344201999098143112884085278799482607198473779500196877329650637077959354279984184839324042054860800000000000000000,573.1227941513062
m4-v1,b05,3000,9808690981797/500000000,10971296215067/500000000,402884361/134217728000000000,423787951670447171696309776865029748087225687801909840081798251944833/17376154395575917844192857522498957801125702087928510952611996762112,11442274695102073635800363975355803198355093570651565682208552802510491/34752308791151835688385715044997915602251404175857021905223993524224000000000000000,3406117278160228744458761322680583812720202554652598835473440598257637304760952720670903982723071839854819243/992003050767530065770282375754955616246224141002792003197873761366958477498612480147310726672174353193171964395520000000000000000,463.8358368873596
m4-v1,b06,3000,10971330550649/500000000,24238383657457/1000000000,402839863/134217728000000000,45901779041366513931909286017882878481075510331691103678887703031225/1882025145379594094594929699307692627315320327874917594653039525888,49573921364675835046462028899313508759561551158226391973198719273723/150562011630367527567594375944615410185225626229993407572243162071040000000000000,95599524219777568105327583919488659070578041370905541840282945188246407778916395545871381315135940225855781/26861160463576243831883246952144742779361338936271814120367257192587272692760202410597413436060534106401926021120000000000000000,617.7414503097534
m4-v1,b07,3000,24239881615681/1000000000,6627173350119/250000000,3223751623/1073741824000000000,403495530669274278679791077946046383961784478737043828534360466545537/16543449389036002124583177862942159331965533438559012648631876452352,10894379328070405524354359104543252366968180925900183370427732596729499/33086898778072004249166355725884318663931066877118025297263752904704000000000000000,222476126630089905791575958489849496908009200365364865568166121947772411991642783706115373502785181037462325111/60445695922942606592501931051967483017860464295180113774125342206747317996696114626344186073626390248434751640698880000000000000000,559.4567313194275
m4-v1,b08,3000,10355449202/390625,28755618891189/1000000000,805700427/268435456000000000,1756945394775814598594019413857839811099081421421918619384810639009/72034089746151197630872712567612413939235202694654818597522636800,47437525658946994162038524174161674899675198378391802723389887253243/144068179492302395261745425135224827878470405389309637195045273600000000000000000,1557068194207133801803742223706611998586993230424866936775321094504108480440913300235028941573131574960881779/411241953545473360524134973598675813619120394305318634756963465518352586958257191268826643020115235195112652800000000000000000000,503.26355624198914
m4-v1,b09,3000,7189265027409/250000000,1549119807139/50000000,1611349971/536870912000000000,388192611400663265900333828457123274893875965805189212060281497017217/15915501535169347612022642400414948155456926233519538645152900841472,10481200507817908179309013368342328422134651076740108725627600419464859/31831003070338695224045284800829896310913852467039077290305801682944000000000000000,466761833547525105820462247802608539833763648399182955424467371695547660233084845533404625806557965612196569/120147373722068700980660618626205550721551768619644323520550599814205129959426408932469468378815353870133776875520000000000000000,602.9404149055481
m4-v1,b10,3000,3098318800561/100000000,6638002429011/200000000,3223646417/1073741824000000000,1696739800208122247252848339741044120520361575125690591207619071649/69563602065853346115849253773792411309994121832216788052677230592,45811974605619300675826905173008191254049762528393645962605714934523/139127204131706692231698507547584822619988243664433576105354461184000000000000000,5058174269811201263622672272889838020369958526427985503485843766032339954354645199555361610765176364865583987/1270841478973500575932400338441874245446523176348424317884822171532043456918378456315368456196353851939296274022400000000000000000,460.68496322631836
m4-v2,c01,3000,33190804967059/1000000000,4422617908437/125000000,403037897/134217728000000000,376020148479666882056984573771009884663050080072705004946864208747393/15416017994060605174486151024067773932884555630424622236516858462208,10152544008951005815538583491817266885902352161963035133565333636179611/30832035988121210348972302048135547865769111260849244473033716924416000000000000000,1790366815404721664435836341004760940550419274689059689495350503479962086030599277358972122816744446503141567/440049522254731173457760748493341558768532917899585346771910329985748377846571650335812569356341858315678871715840000000000000000,582.5451493263245
m4-v2,c02,3000,8845350060459/250000000,3755582857507/100000000,201545413/67108864000000000,370649741582474459416947307856390576869876990713032853965340586220417/15195651513797507832493875939508738458397035018313194521557307752448,10007543022726810404257577312122545575486678749251887057064195827951259/30391303027595015664987751879017476916794070036626389043114615504896000000000000000,225178835103121491536175645554649191251616084468576962815760636880160042643293159581023157319946751101233861/54219896405578298861406147015551248083710636679488041596083403541050712536982270192504135399684557144266249338880000000000000000,593.4596147537231
m4-v2,c03,3000,37556556930719/1000000000,39716703317759/1000000000,1613470133/536870912000000000,40644557713101095664469945609772637740996660392038905545325096234425/1666299197447625934743899543489319178305782897187609860183049633792,1625782308524043826578797824390905509639866415681556221813003849377/4937182807252224991833776425153538306091208584259584770912739655680000000000000,6449171101644781110652309619086463670676088660847697206566815858628335516597808204189391662127009267727740779/1522061878345546745267338628649889344290048011964553499468850052385395846246674316304690888382886083245007563653120000000000000000,457.71520376205444
m4-v2,c04,3000,39717124842533/1000000000,41863778389317/1000000000,201479729/67108864000000000,1605553447186980234174605842172902634421490090579752778016364482209/65821917070603334392207095814997810682914285397947827338031923200,43349943074048466322714357738668371129380232445653325006441841019643/131643834141206668784414191629995621365828570795895654676063846400000000000000000,50540675504790693279779820500322487666113035357884855144926533485772312481779449620798534605683206558900311/11743022408562705350621661635148575165182413834991753705146986561787813450235621298036973191611522576128409600000000000000000000,507.5649428367615
m4-v2,c05,3000,2616534485947/62500000,21999269672283/500000000,1613605987/536870912000000000,39666986952626221029777219402835582692688585565227355183770095742393/1626186643212202540361411237480377235890417498583554163610629439488,1071008647720907967803984923876560732702591810261138589961792585044611/3252373286424405080722822474960754471780834997167108327221258878976000000000000000,4154762676825009577853385953916278882329923184445595371598294998308312424540698781846776821740999576683349/947335156911782069872661576613720556767895576596242037739087239099901502419664764970363760352397713815120117760000000000000000,658.2298452854156
m4-v2,c06,3000,43999278018163/1000000000,2882638488353/62500000,322569491/107374182400000000,353318626426095115927489895605019383614879404246527760088512110320513/14484505283257867075363917918262281646950860952654057104722028920832,9539602913504568130042227181335523357601743914656249522389826978653851/28969010566515734150727835836524563293901721905308114209444057841664000000000000000,2353713106598766286879172613871576916233581852839653132346603641147722584598277255998740802124368917867287617/529228204685237162268487180139162485596932458891480495328660582907793231642652210049261471613667432986388768541900800000000000000,655.4834957122803
m4-v2,c07,3000,46122877587853/1000000000,2411715490519/50000000,3146181/1048576000000000,13980108166506291579442408621236313428592020788433504636926646010793/573117157039354760981884509926111341383452536414794561805371834368,377462920495669872644945032773380462571984561287704625197019442291411/1146234314078709521963769019852222682766905072829589123610743668736000000000000000,224870555523184068860600668038351598272593615943382193259113912066899489407105916175156301959763677947437/49925545656409811755161877996113615255922052838476445320526315895016897115837552412549565612571963422670848000000000000000000,404.6332302093506
m4-v2,c08,3000,3014686323553/62500000,3146022089441/62500000,1613127683/536870912000000000,13847328255367503656639048720915144481024000093645153384534433743785/567668906931935217667497682305925840833824841161521648011352997888,74775572578984519745850863092941780197529600505683828276485942216439/227067562772774087066999072922370336333529936464608659204541199155200000000000000,11871155914527162754092191230412830406310557104163966104180727586503512843766398336421245917108748333718323857/2592653240446460206488351630136322334624940849839952687633080803671199998254107961320553370498995028422115616358400000000000000000,733.1223907470703
m4-v2,c09,3000,5033677237291/100000000,13107110694529/250000000,806237533/268435456000000000,342996881081976718564690310522752428133248714995295590111856176143233/14060981336746226283663239486129829164701016428883581670655386451968,9260915789213371401246638384114315559597715304872980933020116755867291/28121962673492452567326478972259658329402032857767163341310772903936000000000000000,14884133324423625580563977266512067404727737323702442039112314314460178657302709649749274736438598946896279917/3210960507208418394419238499977527889447857538655612776535972959698430485261830950235600632451766825528654424965120000000000000000,673.0057713985443
m4-v2,c10,3000,52428974631091/1000000000,27255829219589/500000000,1613790853/536870912000000000,340058604591038088943954468520785865970131179361576090998237721287553/13940418433163794913422659264512961967117573904964439000540378038272,9181582323958028401486770650061218381193541842762554456952418474763931/27880836866327589826845318529025923934235147809928878001080756076544000000000000000,935199328144312344457440276793584236984303773654046535292485738331474349967375167547142870558261617840083211/198964300440886586871228801692753721158250812008785751875918448377314107290620940301262397728832497148243507937280000000000000000,793.3253262042999
m4-v3,d01,3000,27256120633201/500000000,56585923346771/1000000000,1612528513/536870912000000000,13485122098033277622741691463381431430308683462353926457418682876841/552806917989308701316497199714813633213407256244280678189774143488,364098296646898495814025669511298648618334453483556014350304437674707/1105613835978617402632994399429627266426814512488561356379548286976000000000000000,59968568322065227583556120669844646081577856118865134508081040155803838735301999143901014099448865940095834637/12623878371394138091222688112071746127244269986734021087803132455904313152903187972832467699103816945768377352192000000000000000000,1051.0058798789978
m4-v3,d02,3000,1768325469891/31250000,58651792785413/1000000000,322473461/107374182400000000,334435787138781995982792034797701123240696887287397554598414336383873/13709705199764603231415032302484321878084672314659534170102503047168,9029766252747113891535384939537930327498815956759733974157187082364571/27419410399529206462830064604968643756169344629319068340205006094336000000000000000,601574159039761316934661651406658846613509378721206598178449215768268046519966759789638479090384616358740089/125229728729874756848018116681748673358934010219169000908801375505447436881852569001642967935606843840648094469324800000000000000,1036.8652458190918
m4-v3,d03,3000,58652564653319/1000000000,60710110100317/1000000000,1613146433/536870912000000000,36878493806266580728964637285409900954316400833187255454716978015673/1511769197776076514809627136755778101059108756470827463368127807488,995719332769197679682045206706067325766542822496055897277358406423171/3023538395552153029619254273511556202118217512941654926736255614976000000000000000,1678021724400561864811417025677223007329349855334014065630861299246439723752272483798943125756813624164252539/345227055908775222660323763941346550389864079682771192804830118619183535679902862971283604616773594541528627281920000000000000000,1025.8962972164154
m4-v3,d04,3000,12142170529927/200000000,1569004417473/25000000,1614255901/536870912000000000,329261776167610590843799359720138633891962912327407520009127281679233/13497408800903021353543952152017337916910313873863105495018198007808,8890067956525485952782582712443743115082998632840003040246436605339291/26994817601806042707087904304034675833820627747726210990036396015616000000000000000,948095154655711636263348625107015932902451502299381284284916608852308396400370332341068607299404543715557369/192641455685979538543528809338303063597967760259111177860872308035504431263883316902339765483206501279400376401920000000000000000,1006.1693437099457
m4-v3,d05,3000,251044591919/4000000,506277023043/7812500,1613556009/536870912000000000,13080566478510581555171260654480759006634070477217994274468305896361/536207469972480291788270338828041815309329226442839736744673280000,353175294919785701989624037670980493179119902884885845410644259201747/1072414939944960583576540677656083630618658452885679473489346560000000000000000000,12160955662894952586898258340402150088100774828307190804812709847880097715039160172994497244926535059575955027/2448962797855752837422822483339137082750765143520875610901526867531439735519117403305561188739963289289621504000000000000000000000,1007.9159772396088
m4-v3,d06,3000,126570797891/1953125,13367955554281/200000000,322622943/107374182400000000,324848017314065698015031215753232532956554453117858040548134645750657/13316307762522015991071967418504401702721451651953636346027592122368,8770896467479773846405842825337278389826970234182167094799635435267739/26632615525044031982143934837008803405442903303907272692055184244736000000000000000,49750583499320729579338201598195077969791732039765604724642623431642272815938030455074529467199619000865839/9929492652106193223371823375842378063911650065786864253946264102860150664280868515533676852952340635550483270860800000000000000,1001.8900718688965
m4-v3,d07,3000,66840412489159/1000000000,8608659563869/125000000,808225489/268435456000000000,35858454902862138842404184828468746417060881048566816534285494562233/1469915943792305936363919434924450702638268298351460361232636182528,968178282377277748744912990368656153260643788311304046425708353180291/2939831887584611872727838869848901405276536596702920722465272365056000000000000000,1704572590064799835784563669204499609731138220912052417332225763945958390628645616172264373171606647738682871/335669462279883529580575575826261880088419017647369231449263385770430194702479796601955919498808985806534365675520000000000000000,853.810563325882
m4-v3,d08,3000,34435144211983/500000000,17723185794373/250000000,201676343/67108864000000000,320692215581627603916319661858682038521540408980684357229579105704833/13145792023399078382684116634004786279398506499783630142420725792768,8658689820703945305740630870184415040081591042478477645198635854030491/26291584046798156765368233268009572558797012999567260284841451585536000000000000000,47887299898768357532314880822247494068583103769874504546552408066820207900334038012248869414396628885210247/9381150667094373194934388026878373454707806510440578823187403131836887661419576931999060374553565980629837807616000000000000000,787.1598405838013
m4-v3,d09,3000,35446626036023/500000000,9113766855237/125000000,403063597/134217728000000000,318929260117946515679869915297915428530244702672647528422056276695937/13073456919796934956559562838495306224924604082172176374382452539392,8611090023184555923356487713043716570316606972161483267395519470790299/26146913839593869913119125676990612449849208164344352748764905078784000000000000000,3835269284572298583075017151942009691045613146169690979844676159411640449136079586744700996571091877660905223/746362448978837624701769047139819946062567021956081985776355308242865874015173064680560796203319847664180600504320000000000000000,721.7306795120239
m4-v3,d10,3000,14582131426831/200000000,37460413749497/500000000,403134441/134217728000000000,12672477287533287487988548505208608496787800917240625943173303845801/519463278202429759503268743380612359456758826061597591171445555200,342156886763398762175690809640632429413270624765496900465679203836627/1038926556404859519006537486761224718913517652123195182342891110400000000000000000,961524088012846381254139765023953069838364674725217312398414030744008286626950658064203984695995538565250943/185350691314973004284272502034736725634461210240985119951522340410847511177742887198434000504655624663151411200000000000000000000,415.5224988460541
