versao,bloco,K,rhoK,largura_S_max,largura_D_max,segundos_reconstrucao,segundos_suave,segundos_discreta
m4-v1,b01,22,665123901938458799196531643381711967649892952250961760933868252662735161987220329085221414443994224679586929596306215409719708300876217868094610859793045490889995194987535585684187887085992555910738454783992803448021729184171711479992045032432107796454533276982961896323940400686369640099955364526900215610297390872246806801485862623829712124398150007686832979737078398976/400115738039596242088900300694435431536247623003240135971934181275781358210141186215095509468070402998099486199247600699860213998008685369532092260417469459543180523122644618169053944023190124933882704767569777813246238083541200306407593083188081964823571149072401593425711658302716815160261635132676084509600585542353304322884787881322724451453791432194446565515335278309413330554962158203125,6.776263578034403e-21,7.79891706770286e-11,36.41099953651428,7.015650033950806,777.3517129421234
m4-v1,b02,20,235973431453027452404397210425723840233943790026500294451016701325694894084066330884271080598696597483144066766581039264542063316659441638604190268932009600237310226157668893297699938835972142725739806776938905516594922661981465651662023606078624484090918466886538419806203455559607555331658554589944654853190291341405083551137792/208864503080506838399739043884209333835435962415875063987740478201665516342906007920907423476366168789052937479339735463065877009033684341557127241247732659614784698756697541405483869555887827220859774533732341646285527918349337886767517805383414940627463525739718755819000002675950283929798858390938597469308874772729111369070046670676326751708984375,6.776263578034403e-21,7.250378075696062e-11,36.8456506729126,5.8818159103393555,777.193035364151
m4-v1,b03,18,1921167432716525330164627495558968622923115435874909964946642912917047159066796393102153983769796693090464880901605050198797319896872258893738276201546635554201676304635501615344048240105289463765512753319238730476004145375626740836810715200762282753536199578901624066681755697360483806762850483726974976/438622702983525553793420867209713722633024609308658241463143390713522964427312595443481679821745360526523313104285469611843901072106854858938445757093596814694064868134255562772070990207424756531910206626840601543757401244291483036181838855138948000925174053757329120064052973176087194749281655762187877927441270467152492607,1.3552527156068805e-20,7.065636964398436e-11,35.368674516677856,5.970136642456055,767.6283531188965
m4-v1,b04,17,1589198801055342661484389150979327247766594861796468471342533632326285724298246048022075971118555822026480617328085946989680625286632914423828448808906115983223917730567129933791801027528310491842468418986620360134520181227052821458166138308899309523162841796875000/439120761908635594897718717705265884846242553436791612291595276574536891435517457754665150878961344286263566206158956619912726272747089899540825307130648692068957396440387663166562890358186524119369475406059426650277569127712063266163103932162210139664751378870883167376717567519157217,1.0164395367051604e-20,7.23048287909478e-11,33.302042961120605,6.0580596923828125,583.3874223232269
m4-v1,b05,16,2442861722325787765657639449427093298255664642687751646843771328687891233941156757049745831946124084061097428820677495375771680211612389761819851619543988609010005312574696228800764374065322422674566020281930678217586945886590219845529567438062418062625818951684588568576/410877357703674564840069095287457710692760679071401404351127497964907632081033735232943659521583615035849430074189533246968902127750684704088113617292548647699898463688265380637755259080036462675105169710530576737079864804409784950923135597958227014721777262246854134516378544596421262355943,1.6940658945086007e-20,5.67297320230864e-11,32.28878664970398,5.062495470046997,587.0997676849365
m4-v1,b06,16,170381954116683525028249865305348016201780999038497654299962154976262270464432386785022013329247362695004221817827595253353130745236900467164338994217245253564117713755763687614761324871070265920366257069440769917120650747262655435609379032249454624248687719612416/217907665669428429250425813794255553724235997875731359769317079861472566098099617693630368143050081068218849086660632344574185572521975793821604081391158391150586850597025106307401589640009766927786173800540923548859825937102813917349944344865225050450816134311538238196783208396286135,6.776263578034403e-21,5.162803518032888e-11,33.05400276184082,4.972654104232788,522.4234170913696
m4-v1,b07,15,326551120142214851978635916997940228872943331112370095103922441987047468486745453020652287999539278377136397560468452877006221407976727620866112610240784073085141805091716363360031183181471708169633769338838563108323306310458932985267088852565756334011/108548872525627046400583913724148004250614582292014932227814598610603886245804350175664297799087962789649662429289805634962636434815412126123373084410197865380554484156334172286273865391339675207591395663618703712471523185137905774977877546227217323629109912898151433371648,1.0164395367051604e-20,6.31246166449273e-11,24.249215602874756,4.2454094886779785,435.05410861968994
m4-v1,b08,15,1140415659573908649985886385008050272289899114391621915258457806338769902900863155172128147399849628097156416289620085220311634256689458796899522301191386190931801017704794347776691660495813220634158869000530028933406720000000000000000000000000000000000/1773267121523048134992472114411710568187195418081050408186630874155332341820103552706725930842857126798497943438936668886266673699533197783297797502167000017871160491416639760300118932851428874573738611517975086203839083168294522434885852757234109235157695809435645658204783,6.776263578034403e-21,5.118749868415762e-11,16.628177165985107,2.186642646789551,444.7913272380829
m4-v1,b09,14,2343981440764127666491445930625345959887222065111330429746343366154893776769317630576964737310432305587821367503119183385274446510485370758052004331737442803482295093258447951284656383657008534905502871429158670365102858600351629588812387057664/518033546675776628341748659333817278836448879724405753249736296430881455816381706107633666013391856114825954138926196959151240875000640622603812855326408279677432717574069683222160270671656917152979555844776256980972806186685110429396932635204127284580759823773185,2.0328790734103208e-20,5.134381808602484e-11,19.392345190048218,2.159961462020874,478.66555166244507
m4-v1,b10,14,8959769790006327090780138173676985176568652633036712108767708164047999246736643318980008646827450061055719881813847802697986420712632080096013422626865818263874156667980088069928600484123281900413278265748298640919696088747082776576/6643886673784283210880324297316866730167938777587527259040631687852781486969520123618324096499901238390980087081518514792839642330437772762989445244325593412901066595496435671699393613294574941789980478301957545270180858598271966706656339276066843454749,6.776263578034403e-21,6.033928912074771e-11,22.238032579421997,4.040253639221191,491.5339696407318
m4-v2,c01,14,1248653414732638309650024822446340931576972434080796243001962852484791858923748906037097638845472077411089906381841825563965406752570567497573777629496024304231502199369264199613450437065377767649417400395568007258220278229376488624493338558464/2833213349497480454057913291727381958276950583444786310029745419428223094314236424584450443380624141050249770110494296762536306521731476160513246449761193303744713376684701968042326927351821675968717129548841921452819080704257123765208479386503208461362468829701115,1.3552527156068805e-20,5.113065526529681e-11,25.015485048294067,4.04014253616333,537.2383418083191
m4-v2,c02,13,7447215135386476772202401324284013912878721620848587417038567517580708869074803646338188227502203268067313626087158710067731192175345856315447747781885483682465266560881724956880337910375109204537618582773954633791707403715084288/1334445061822487120181966817653423174707483086335078997619835927716267283133672087946475448470034068864987008884758533361188265964618093800581394802017831261457347773481130387365145587726384571893543461527317066245778575178703975212506043581960345089,2.0328790734103208e-20,5.1088022701151203e-11,15.304687976837158,1.9504482746124268,341.99873971939087
m4-v2,c03,13,60210539067331865845905667043163980692768348189763326874869257745984951508824735471947377396519666504916750554005562731996956050978710471008925756925235230536216135062946652411380280695772794471505442373632/26782955750830550608233580823139471495664049856933927660559353011706408084113756992613608877516975296636712032591173233793394702710273065036045481913018550265089781903108916316901737125785578416291053377369895740850002866552039,1.3552527156068805e-20,5.091749244456878e-11,24.2123966217041,3.7320284843444824,454.23120045661926
m4-v2,c04,13,61140634107462111725063258950578569999351063294457754136433199549012494475546105609990794344861303466901144046755110863024148329849098242521583333986121185022747955725566885726744978932105216000000000000000000000000000000/63958295685914306114972737970289063218876049390860722805253416160778792800397319961703475942935040846524205780275678762715916083076649391790603668081747995020228944960784648175089162739199998276900009590455049735589871827738441760902456608873,1.3552527156068805e-20,5.054801022197353e-11,15.394105434417725,1.9347031116485596,374.61434960365295
m4-v2,c05,13,41628734531576608632456073591270277750681612009809207370343439667845135360202707409327423511214464215524894909553171864316139995306503189344202708073351771353124998549403238583717175668373243033097863168/97547023264413285808250171573634734455226168765075619327026505592837989996831364196012467487679463334760649688053874756384437184325443165264277443567653551930451931704218988534250739826812274231533412140663149261673583984375,6.776263578034403e-21,5.077538389741676e-11,24.10426902770996,3.716214895248413,532.102433681488
m4-v2,c06,12,32408544009415980001732226083625847421817050560314418998798604260752510548547630482970744017914278867926190602142775382566047884929797179780482603558900619217884399023320119279578248069231406155178758489/3540846488889080035951569139196944848498549486132647997523738472518186736400488039381873668451384947869709486061834037451530903971447898360773276866242184095650344631655140287730842167915587047543442879025630339047855554560,2.710505431213761e-20,5.022116056352388e-11,24.081276416778564,3.5447940826416016,469.7753608226776
m4-v2,c07,12,845390914715090624718675793640828781197130628930226798537603957383104573399469906712632884417093982643851062089410567420793077655924265100244377665718762645658812069671543250393709846522913291464070922240/181291313713668054931630880533218711048459393933955068845935366108703207689084647953699903937354295109901447138060772125161980519495778568577123504434314004022382515888320133936862131199557690759712114082390821576507816961953,1.3552527156068805e-20,5.071854047855595e-11,14.997030258178711,1.8281450271606445,372.58267188072205
m4-v2,c08,12,98839256630510475039664691832076277336842906461297366353829446724901815367250122509296583091368964723114383983578145052276942718748505168445207483958791878077745713179076576147136788636417221168128327680/40035063802032284636962375279441357686762365590549890192759508597904325880816363425065942474000879318152764226816493713371947247344545639694991711931498196576876941999521562533441795987951435254371763289235265272980362768289,1.3552527156068805e-20,5.03774799653911e-11,24.35546898841858,3.565171718597412,463.5706925392151
m4-v2,c09,12,56542257343018751856196604978649631228613366434576325610101284487350624460813205652941722921012930172703799095363326083561537769676839598597505300091461948438691896664807333984016398369639411617753568532106313728/42042625208653825283234051371070065290368262409502502323913036909917041706541694491825661536185499877845223334111101094864885943445600907111007055912189029718796496878158648795380712098132608477487981871659787902207751111264474201859,1.3552527156068805e-20,5.051958851254312e-11,20.861862897872925,2.135495185852051,418.24365735054016
m4-v2,c10,12,106469296294902349691823485593503910516668679806745807373317996714695262876412377620895307606409940627011721570268586560889877495239145283158305056971697556956439748340918874721089552171768263807419794117785288704/141242436260010451664242677100662603490843449039515315678159591840932775030328724275003969438831109444071169386040458278861486650059274638904281807833815532499853437150663332827910691559187465280810205213665282439378530238909790076741,1.3552527156068805e-20,5.023537141823908e-11,24.235427618026733,3.5799155235290527,532.8813774585724
m4-v3,d01,12,978561454824353157364340517239173115106023027075364504150132302062916901479677854200111554949745638448659392500638840456810522265151435000674369997539794469358660695340327383830840833093508567296/2266509377546500292330792869455415100855458451469434485720215144864164952299360822810260546827224734086565055217416285927509042881506259970944858313216088438628394261959988040259361336796795931813378801152547545453831,6.776263578034403e-21,5.0107473725802265e-11,15.28239393234253,1.8289682865142822,338.6226668357849
m4-v3,d02,12,23127600758336134745984906203898036431321736924859472204614905601338637300057795218680863561739144949415658519257354864514036165581458316413036253914600472232466392932683564554224587810413451311666613202190336/91241203742334211663519616305482943672646444339084544637666295586800486965817556237090318364795476616037240122170705976067331045884466933832551572484486858598995819191663369198828248751849355983593802132584678008414428360142446121,6.776263578034403e-21,5.027800398238469e-11,24.72064518928528,3.028655767440796,421.2309319972992
m4-v3,d03,11,47500068552903049309711342807533668644151462598038415258648224726936482162486492150432515847011727100847116122564561129488653487582171573383795694807806059547501135333483062239284102144/4970655175516924223897177816890247789835874592050642751602986327169981304048294848170312973944278369174556431971693083071366585503843082428952467060656456643544821478023213646751529071556594600886926955205,2.710505431213761e-20,4.907008133159252e-11,24.613033771514893,3.3324670791625977,435.31777811050415
m4-v3,d04,11,301526892400946042815801241703146133163993782425609980189622400918354188351863054557279102938457073288444776597778807003985767750229734092583617191453855284853607506119151692533739592810397786177536/49921884385455949461940593882545761160767973942226923322278916414827901951287964879527264211574007524348033286288528875044266067463655330868308338630608292638757861522469214384150364379717559402498160327500428189431755,2.0328790734103208e-20,4.992273261450464e-11,24.846988439559937,3.3777685165405273,539.0758528709412
m4-v3,d05,11,288384614208192278082873073712892925191200806171989625985179736131437923689144952170311879602663822456440121137009740417994570874760268996254265037700924080788585937500000000000000000000000000000000/73880854027293971650629549310545494947343961175765473229692229094875172087494873003096296505705797588116124448489647219278141425452926010041056589224921452485686945677820377405356408618783167518154598114418549860912247,2.0328790734103208e-20,5.000799774279585e-11,15.05928373336792,2.323707103729248,493.19080567359924
m4-v3,d06,11,134853848060601334761679276157302426110444996913536863793675683703011232580533449835402686800118031430946362884099078093151477381565012431232159942422977497698534776628165001866710453910773956608/52661731001499342455919495383961114921556872862397121629124795537995055887639616637692878967907908914162239530070788919048691502146337335392897943592513413255244484761479559935685073963607413693422308537076638669985,1.3552527156068805e-20,4.943956355418777e-11,14.727802753448486,1.735426902770996,463.97590732574463
m4-v3,d07,11,21537475837515139477978799013829155402838809640874739460189564262016147459345628364924878144357461127469525000810322818032579663951803530492187222858369960511155068804716392062926842177030979584/12649874233110875923604773311765794518901711687441074487344492287581144588276204059663148668111009784721063109290778769449656120124313862595157418222936292992746563509275764954689079480576352115786099758908627600133,6.776263578034403e-21,5.0036419452226255e-11,23.60589098930359,1.7362394332885742,452.8180260658264
m4-v3,d08,11,31748438859920720509776104143004194923335327089915897626746188362793423872121432756955812961122029080675115133577345427400228852492513582967304567527722852214739109655293991142064164898093030965248/27673636504462263359845091242839631480162521381302291759278922071081669344806920256147346863172002085674156372176295344914786141080355996686973004330766072675911973171956332840472845681290039127697522229936140038807291,1.3552527156068805e-20,4.8629544835421257e-11,15.432239532470703,1.7591159343719482,368.4079170227051
m4-v3,d09,11,113734077472261981927562708937711634016698899183615654623847082800937024253595326061901002262674401094507862708703519909523320830204804174639982603275189877992277239226779829104014841622822912/144719932606249315582728644674667059848388116457113497773597605576191626203406417259704967054866407471343406333955124976238741551739472662644678261689687134887907446961292388688681234875434044549014641171788120099,6.776263578034403e-21,4.985167834092863e-11,24.5546236038208,3.3869402408599854,401.9373598098755
m4-v3,d10,11,13986051997202166679452152557401767355057328191635357690069947460477454228323160887196146113392912947091476002904816341827130281045473027590509022873929396795005926400000000000000000000000000/25900987402577507275117678107286606614427690089663647173768503237711439207287881598946614731264865828023987347455741209945933953753841030386674426390726348260796740071714745628448637792891489663939535666544405587,1.3552527156068805e-20,4.9681148084346205e-11,24.554535388946533,3.3500189781188965,333.9938814640045
