arquivo,sha256,papel,execucao
DECLARACAO_CERT.md,b7a7980c6275630f1a63c8af40edd28365d06fe7d1243d0ac59886cb2c50f9ac,declaração original,—
DECLARACAO_CERT_CORRECAO1.md,0a693179d2ef34c857babce2a15d3694cc9c9e5cd8b46aa6b3056d93e33e6c8f,adendo 1 (enclausuramento),—
DECLARACAO_CERT_CORRECAO2.md,75eee9402ec292cc70f4052ed1b01c3ba7832e86d548b515b7fa4088b8a1c16c,"adendo 2 (binary64, exportação)",—
DECLARACAO_CERT_RECONF_C1C2.md,a8253e9ca18a90da70c3e7452e4db0113dbd38011fbf48d34524a67f4ae0c5fb,"adendo 3 (c1, c2 internos)",—
cert_calculo.py,95bec52820df9a8fa9830a6283576e6a3afacb6962f2cf38b546a93d4222aeb2,script,4 (vigente)
cert_testes.py,2f69e97211e551f384f553e5409eac2b8b2ac9eda75ee5e395aae9ad2dd68dd2,testes T1–T9,4 (vigente)
cert_testes_resultado.json,13a6508c26d8073eb874450a655ce8355f77d97d73ccff9ebeacec7e12cb04f8,resultado dos testes,4 (vigente)
cert_blocos.csv,7dcc46bd6ed152a2e17f3e9b942cd518ab54dd88370328cb7a845aa99e4acf23,registros por bloco,4 (vigente)
cert_tabela.csv,58b0d493fff66ae0de54f1cd35d5cddde28cbf658880fc63d734063a864b7e0a,registros por par,4 (vigente)
cert_resumo.json,f008d5e2ab7ce085d5dfb836887db9e4e60ededfe822f5d2bc93bccd447246b6,resumo,4 (vigente)
cert_blocos_exec1_pendente.csv,88a0dbfe636ebb5cc9f5c0678baae27842d156c33af31023ef316ac49ea5b47c,preservado,1 (inválida)
cert_blocos_exec1_pendente.csv,88a0dbfe636ebb5cc9f5c0678baae27842d156c33af31023ef316ac49ea5b47c,preservado,1 (inválida)
cert_blocos_exec2.csv,9bc6d8ea9cb33d4b9eb4882d28d7b929e925e5682cf08923e40d28d64963c0e3,preservado,2 (substituída)
cert_blocos_exec3.csv,9a7d53470d1efe6b6a76b977fb8ad3915a45f9e8a4b5afaf7c3a207921698b20,preservado,3 (substituída)
cert_calculo_exec1_pendente.py,df9f2a6c639fbd53a0986d94682726a1dd857c31f57d06b7c3a30f05fb05634e,preservado,1 (inválida)
cert_calculo_exec1_pendente.py,df9f2a6c639fbd53a0986d94682726a1dd857c31f57d06b7c3a30f05fb05634e,preservado,1 (inválida)
cert_calculo_exec2.py,cad037a7d86492f02a1be4b25078c1ae297220fec14342c0b5cfb8400515463e,preservado,2 (substituída)
cert_calculo_exec3.py,ca87480a1a7017b54607f5e744c52e709dfd3387e7a70fab916680d8eaf5c866,preservado,3 (substituída)
cert_resumo_exec1_pendente.json,9ab2ae0c1b1ec3fdb4007ca4a709f9b13ffdd37680a216fdfb89bf16ce88ebea,preservado,1 (inválida)
cert_resumo_exec1_pendente.json,9ab2ae0c1b1ec3fdb4007ca4a709f9b13ffdd37680a216fdfb89bf16ce88ebea,preservado,1 (inválida)
cert_resumo_exec2.json,792e80f627567476c5146fdcae1216bcd20d6a7175c7aa52230c8a50d361ced1,preservado,2 (substituída)
cert_resumo_exec3.json,cad3a518c07d5a4c26d16e3be590089e53906297b2d6560652e3d2e19eb2b19f,preservado,3 (substituída)
cert_tabela_exec1_pendente.csv,db8ac7e494d90197bc4ecf44aae5de0f7ae1acd4b74b8f32dc6661cf3135dde4,preservado,1 (inválida)
cert_tabela_exec1_pendente.csv,db8ac7e494d90197bc4ecf44aae5de0f7ae1acd4b74b8f32dc6661cf3135dde4,preservado,1 (inválida)
cert_tabela_exec2.csv,2f689d7d7d2f5be67003365f3bbf8c39158866785048eb04bd490ed3891cae4f,preservado,2 (substituída)
cert_tabela_exec3.csv,2f689d7d7d2f5be67003365f3bbf8c39158866785048eb04bd490ed3891cae4f,preservado,3 (substituída)
cert_testes_exec2.py,4df0dd878dd324c76c6f7a4cf16e4842f90e5c3d7d25493946f56113e16d9edc,preservado,2 (substituída)
cert_testes_exec3.py,3b0466dcbe6b6323e0d2ee2813f15cf664365e02ca295fbe7ec090be4a96504e,preservado,3 (substituída)
cert_testes_resultado_exec2.json,6a6a090d5455e3097095313576497133d4f4c990c46e65c4f712e15d44acb0ed,preservado,2 (substituída)
cert_testes_resultado_exec3.json,dc07d0c2709a595ae196a0e23b16780c8ac7efff39f2d4f9bfc5ab264b615d2d,preservado,3 (substituída)
DECLARACAO_CERT_CONTAMINACAO.md,1d46bcedeaf42f4e0c17020733f765fc94af3e8f37f33d971540f571dac3f587,"declaração (contaminação (5,13], resíduo contra 𝒦)",—
cert_contaminacao.py,4baff93389cea085c690567fadc8c20c87ab951d4e88a214988457e953885945,script,contaminação (vigente)
cert_contaminacao_testes.py,43e941fed0258666e9e52855fe2ad4a49ac50d59da650c04748f7640eabefd29,testes T1–T15,contaminação (vigente)
cert_contaminacao_testes_resultado.json,13e8a4170367f94bd53331d8a983ce245dc304f6ee5a6779c5a083f592f8b89a,resultado dos testes,contaminação (vigente)
cert_contaminacao_blocos.csv,be3daaa6223e31dc43c9c16b0c013d16d1b234de1c3d2982b9309cf08c668a68,registros por bloco,contaminação (vigente)
cert_contaminacao_tabela.csv,31abb5a430fcbf5cb51a3b6d43b104e3071153c5b62bc58cd21b249d2fb1a9d2,registros por par,contaminação (vigente)
cert_contaminacao_resumo.json,c44f730eb5a12f64dbd40b87ab08778384b5b7072859daf895c0c2bad63fbea1,resumo,contaminação (vigente)
DECLARACAO_CERT_DENSIDADE.md,6a69c0d7e8b1cf268ff35374eed70f8e0529f1fa4e838bdc38b702ab4c418f9d,declaração (ρ_Δ: densidade sob a base atual e projeção por a_k),—
cert_densidade.py,598871cf3efbf2bd6641b18ac5a8a4590b9cba119427bee13f349aff3fa9afe7,script,densidade (vigente)
cert_densidade_testes.py,2c583bbb5b4b2eeff9c66ccd9f422bcd84ff8c88c9802852149ef21db700f8d9,testes T1–T21,densidade (vigente)
cert_densidade_testes_resultado.json,dd01ccb084977e6a6976db5b8f45c7f9dba323b61e28e53ad9dc0b32da6bdfad,resultado dos testes,densidade (vigente)
cert_densidade_blocos.csv,193f996e01e81418c3958cc6285c744d05ad6380850f3ceadf4cd8a241651a5a,registros por bloco,densidade (vigente)
cert_densidade_tabela.csv,294ad3521b0a2a8378ba097cea2a7e13264c3a7277d28a3b80fdf9211637b1b5,registros por par,densidade (vigente)
cert_densidade_resumo.json,b436cc1ada99ac0a8a34fc362aea0daca1a8ffcb7f179c836a65acc5e7360c49,resumo,densidade (vigente)
DECLARACAO_CERT_ORDENADAS.md,a3382442d9d8105e83a1e659c16f557b1f2c6f89a4ba297f89b2919f2ef91250,"declaração (ρ_ord: ordenadas tabuladas, sob H-tab)",—
cert_ordenadas.py,884de08776a8f46c384f6fd882093a3cdefe19d4adb2a3384f9f20e252d0ec08,script,ordenadas (vigente)
cert_ordenadas_testes.py,ca1365f1c95420c5eae233a730251d82fbbc985860c2a2ab884f65470fdb2daa,testes T1–T27 (rodada 2),ordenadas (vigente)
cert_ordenadas_testes_resultado.json,d68d8f1fbb9cbab60df435ae619dc954adad792e4ec0951e5e93ec812a081aae,resultado dos testes (rodada 2),ordenadas (vigente)
cert_ordenadas_testes_resultado_rodada1.json,f9245a4a4d7e57040e3860f168ef64c8e745411289800c08a6b46bee6a15b55a,"resultado dos testes (rodada 1, falhou; preservado)",ordenadas (histórico)
cert_ordenadas_blocos.csv,2019550f8cb2d9007f6ed78d8c3a20a2b5feabb34487559625c911d06efb9f07,registros por bloco,ordenadas (vigente)
cert_ordenadas_tabela.csv,c97f2c1c6fbf31d0311744f1a3783a36d4c9abc25acfd710e0553e36f853f455,registros por par,ordenadas (vigente)
cert_ordenadas_resumo.json,b50e7f5ae9453915ad315e0014c38cb8b3085bc3bbc09d6c704d376486af1430,resumo,ordenadas (vigente)
DECLARACAO_CERT_NUMERICO.md,a120c1e2fdba74eeb0c573635bb7c843e9a5a178912acfd8193840866b98a60e,declaração (ρ_num: enclausuramento direto × valor registrado; (N) e (T)),—
cert_numerico.py,98e08195d9493fcd8ca2355270e16b6f7deeca14461781fc887b2dd7b93e7106,script,numerico (vigente)
cert_numerico_testes.py,fd3c55991fd08f16121b68b9b89f0656dd6b85e6169fe03777aa00e23bb6f148,testes T1–T34,numerico (vigente)
cert_numerico_testes_resultado.json,e32ff2f4ee385e8ba1638530204fb3fdd8146141b5bf2f960380a6311df91ab1,resultado dos testes,numerico (vigente)
cert_numerico_blocos.csv,45629bd83f7a92769460bdc7a5b3c8b64a8e4fb48822f8f5480130e2b16470f0,registros por bloco,numerico (vigente)
cert_numerico_tabela.csv,300d41bc3cfb23cff0eb52301ee9178f8f09aa55daad02dd236002b867d89aee,registros por par,numerico (vigente)
cert_numerico_resumo.json,986a9859138da7fba0a1c77890f0254801405674d410e09bed9c7f3c0ae93016,resumo,numerico (vigente)
