block,prime,repetition,period,C_real,C_imag,theory,ratio_error,difference_from_saved,same_sampling_C_real,same_sampling_C_imag,same_sampling_difference_from_saved
holdout,2,1,0.6931471805599453,-0.1560129290923248,-1.5606942530695665e-11,-0.1560129290391036,3.411333437952635e-10,1.0771617157885875e-11,-0.15601292908169362,-1.7339596447395922e-11,3.3007228283905053e-16
holdout,3,1,1.0986122886681098,-0.20189889991198778,6.315745193957183e-11,-0.20189889986939866,2.109428187679896e-10,6.22922294656499e-11,-0.20189889987686474,1.1710330633125198e-11,1.16010529734388e-15
holdout,2,2,1.3862943611198906,-0.11031779999519604,1.4223606663678441e-11,-0.1103178000763258,-7.354185038721539e-10,7.127355940419972e-11,-0.11031780004308372,6.70154277946921e-11,3.285626905857822e-15
holdout,5,1,1.6094379124341003,-0.2291075244003068,-4.127469376050873e-11,-0.22910752440522542,-2.1468604671781577e-11,2.37906835265149e-11,-0.22910752440900875,-6.341954046136295e-11,2.769183950615985e-15
holdout,7,1,1.9459101490553132,-0.23411211611067254,1.1110756083188227e-10,-0.23411211608563706,1.0693801399952463e-10,6.170147400375207e-11,-0.23411211606826218,6.629606157460899e-11,3.594265595909274e-15
holdout,2,3,2.0794415416798357,-0.07800646445425449,8.304950081335185e-11,-0.0780064645195518,-8.370756310327465e-10,1.430033228229159e-10,-0.07800646446822627,-5.927410822068155e-11,4.572681643872542e-15
holdout,3,2,2.1972245773362196,-0.1165663840515631,9.489293042918114e-12,-0.1165663841886866,-1.1763554574883983e-09,1.503673649494696e-10,-0.11656638419593846,-3.2529338061531855e-11,3.38344242488459e-15
holdout,11,1,2.3978952727983707,-0.23013570102432157,-1.733125899419062e-10,-0.23013570108523157,-2.6466995262097726e-10,1.6321105850276022e-10,-0.2301357010199211,-1.0162248064321706e-11,6.551879022143995e-15
holdout,13,1,2.5649493574615367,-0.22644213758738133,-1.4783431330613435e-10,-0.22644213759952758,-5.363953725634474e-11,1.364449068784981e-10,-0.22644213770111232,-7.245578521692013e-11,2.0213756678614463e-15
holdout,2,4,2.772588722239781,-0.05515890036822131,-2.3446229049221563e-10,-0.0551589000381629,5.983774364892724e-09,3.089436638731253e-10,-0.055158900108622955,-6.696939879555657e-11,2.239161662922372e-15
holdout,17,1,2.833213344056216,-0.21872828382709017,1.799068046991468e-10,-0.21872828371837585,4.970290845562886e-10,3.130986249532616e-10,-0.21872828360563198,-4.141974616514771e-11,2.6326699846437806e-15
holdout,19,1,2.9444389791664403,-0.21501852849176112,-6.882308740368912e-11,-0.21501852841127717,3.7431169275237153e-10,9.589267277450115e-11,-0.21501852839788907,-4.93612141053064e-11,4.730095876888483e-14
holdout,23,1,3.1354942159291497,-0.20810964696746198,2.929673958089251e-11,-0.20810964733659634,-1.7737493696046158e-09,4.675000962515059e-10,-0.20810964743281107,-1.5342676130083757e-11,1.4855750285577e-14
holdout,5,2,3.2188758248682006,-0.10245999965061725,-1.0500616965912213e-10,-0.10245999974535523,-9.246338139590193e-10,1.2003697599752073e-10,-0.1024599997693405,-8.730612877618623e-11,1.761823183314411e-15
holdout,3,3,3.295836866004329,-0.06729963310611112,-5.3832152221558794e-11,-0.06729963328979954,-2.7294120297227664e-09,1.0410229479286472e-10,-0.06729963320983023,-4.491557824763872e-11,1.5951801566248594e-15
holdout,29,1,3.367295829986474,-0.1990363508915913,-5.864375875567598e-10,-0.1990363509339811,-2.1297508201456594e-10,5.695848705103945e-10,-0.1990363509001852,-1.6930463039390498e-11,1.4681662170355167e-14
holdout,31,1,3.4339872044851463,-0.19632154006066382,-9.335351885348075e-10,-0.1963215403858554,-1.6564232208082785e-09,7.204155199300156e-10,-0.19632154022568446,-2.3228832436378992e-10,1.3585045464860873e-14
holdout,2,5,3.4657359027997265,-0.039003231503981314,-1.2798617118139294e-10,-0.0390032322597759,-1.937774241067558e-08,7.245829112731775e-10,-0.039003232202316926,6.526035994757425e-11,3.0505564382459286e-15
holdout,37,1,3.6109179126442243,-0.18895869517479205,-4.0818000360550206e-10,-0.1889586950119591,8.617382363240722e-10,2.436709690723364e-10,-0.18895869518469155,-1.6471682462677538e-10,8.828848099089749e-15
holdout,41,1,3.713572066704308,-0.1846078044544023,1.0074771063321303e-09,-0.184607803637099,4.42724146232365e-09,1.059262271982095e-09,-0.18460780384413497,1.4169025410964812e-10,1.1306898439408546e-14
holdout,43,1,3.7612001156935624,-0.18257543454134684,8.930144578536518e-10,-0.18257543342631882,6.107218286643956e-09,1.2734565299059685e-09,-0.18257543351611258,1.376446434742243e-10,3.905100392952949e-15
holdout,47,1,3.8501476017100584,-0.17876338973896283,-5.433988549291213e-10,-0.17876338822837304,8.450218969002776e-09,1.5077853282566202e-09,-0.1787633883210742,-3.0500545446492374e-11,1.867999975232662e-14
holdout,7,2,3.8918202981106265,-0.08848606199405526,1.2035819567788689e-09,-0.08848606258138285,-6.6375152041331376e-09,1.3233934663122947e-09,-0.08848606270306938,8.614073168995873e-11,6.982657918368305e-15
holdout,53,1,3.970291913552122,-0.173593969513096,-1.5191405197561408e-09,-0.1735939685443537,5.580506723390499e-09,1.7800224179459633e-09,-0.17359396859874196,8.18403567554891e-12,9.275923137409783e-14
holdout,59,1,4.07753744390572,-0.16897485365240486,9.56831533918452e-10,-0.16897485378921837,-8.096678882907327e-10,9.101011563694962e-10,-0.16897485384289557,6.687956691885022e-11,1.6065422537011898e-14
holdout,61,1,4.110873864173311,-0.16754032719642717,-1.925496646132423e-09,-0.16754032791775322,-4.305387601988286e-09,1.9351692969138713e-09,-0.1675403279400559,-1.3891363625592086e-10,5.653540215760105e-15
holdout,2,6,4.1588830833596715,-0.027579451150188918,2.6432992098221543e-09,-0.02757945001908145,4.101269124312523e-08,2.4585220063418996e-09,-0.027579450019450308,4.602423579079758e-10,1.7532523111135755e-14
holdout,67,1,4.204692619390966,-0.1635110027281315,2.2776541829907363e-09,-0.16351100147025147,7.692938064352006e-09,2.5556165553046175e-09,-0.16351100164419197,-3.6719938003726126e-11,1.5433324968291056e-14
holdout,71,1,4.2626798770413155,-0.1610288415904436,2.159178496182935e-09,-0.16102884271275783,-6.96964730373395e-09,2.1406614530310726e-09,-0.1610288427033747,3.3060101071300376e-10,6.46926599425334e-14
holdout,73,1,4.290459441148391,-0.15984259010660717,3.3144254658296535e-09,-0.1598425863444375,2.3536716797778467e-08,4.547036403527547e-09,-0.1598425868783953,1.1215398685634477e-10,4.146259395264675e-14
holdout,79,1,4.3694478524670215,-0.15648154847699908,3.9615023889574916e-09,-0.15648155106679665,-1.6550178338903265e-08,4.458460554256019e-09,-0.1564815508881505,2.1127793224904755e-10,4.493284609595468e-15
holdout,3,4,4.394449154672439,-0.03885545460939884,-9.985392456838004e-10,-0.03885546139622887,-1.746686253412122e-07,6.223006664877275e-09,-0.03885546075347279,-1.0582656133845601e-11,1.334225690581433e-14
holdout,83,1,4.418840607796598,-0.15439009191884637,-4.813117005726713e-09,-0.15439008898017337,1.903407809145108e-08,5.337522201431314e-09,-0.15439008915547386,-2.466162039440183e-10,1.025981261665351e-14
holdout,89,1,4.48863636973214,-0.1514500871539166,-2.851809211891327e-09,-0.15145009428891956,-4.711124801382027e-08,7.129568827229305e-09,-0.15145009376806487,-1.9030551375927035e-10,2.559173888972262e-14
holdout,97,1,4.574710978503383,-0.14785225867937035,-7.1720500589087905e-09,-0.14785224441209735,9.649683074819393e-08,1.492894908201011e-08,-0.14785224528622629,-5.768136664722623e-10,1.281742173617522e-14
holdout,101,1,4.61512051684126,-0.14617477441399726,-3.0357295906947596e-10,-0.14617479278578105,-1.256836656970961e-07,1.6955111371171215e-08,-0.14617479136824693,-1.3264441830808396e-10,1.559167185237475e-14
holdout,103,1,4.634728988229636,-0.14536365752711536,2.2158785830095294e-08,-0.145363663339395,-3.998440534225267e-08,2.1332759655567998e-08,-0.14536366288221206,1.509060435230705e-09,4.259872106521704e-14
holdout,107,1,4.672828834461906,-0.1437931268475297,2.5731471635028292e-08,-0.14379312149769535,3.720507835147657e-08,2.440204477304295e-08,-0.14379312187062993,1.8423520165659802e-09,2.1309121702755396e-14
holdout,109,1,4.6913478822291435,-0.14303242450842016,1.8020164534958198e-08,-0.14303243005044233,-3.8746612696094473e-08,1.748023438498342e-08,-0.1430324293815701,1.2329314109544867e-09,1.4862502044037295e-14
holdout,113,1,4.727387818712341,-0.14155728220763122,-9.335668000919499e-09,-0.14155725660115417,1.8089130615628335e-07,2.5029622240096037e-08,-0.14155725875199632,-5.998297769180995e-10,1.2415504421900157e-14
holdout,11,2,4.795790545596741,-0.06938843458815858,6.239948022680991e-09,-0.06938852466955447,-1.2982174837361526e-06,8.417077235413031e-08,-0.0693885185054586,-2.8745783862706537e-10,9.112086963533238e-15
holdout,5,3,4.828313737302301,-0.045821427376382916,-5.98758573774445e-08,-0.04582150488104508,-1.691447331753082e-06,9.118600791684618e-08,-0.04582150032947688,-5.1700226976156196e-09,3.826171460646545e-14
holdout,127,1,4.844187086458591,-0.13682600351920093,-5.712256519099451e-08,-0.13682617124428062,-1.225826010919917e-06,1.6584718680578724e-07,-0.13682616051582722,-3.6684014907621453e-09,1.0998754311191263e-14
holdout,2,7,4.852030263919617,-0.01950172528505472,-1.1581250180645224e-07,-0.01950161612988795,5.597236969689945e-06,1.5009545968155264e-07,-0.019501625885915877,-3.3471289414364376e-09,1.3618537917584834e-14
holdout,131,1,4.875197323201151,-0.1355833167021673,2.9245227366292455e-07,-0.1355834491603077,-9.769491867706037e-07,2.9964564070056615e-07,-0.13558343699545558,1.801276358807038e-08,1.662798277294748e-14
holdout,137,1,4.919980925828125,-0.13379920578441748,-7.594699640764554e-07,-0.13379912176069506,6.279841102685424e-07,7.044096319342336e-07,-0.13379915116200972,-5.7181315557850736e-08,1.7768406517324653e-14
holdout,139,1,4.9344739331306915,-0.1332231310836334,-5.26989641388766e-07,-0.13322434272608064,-9.094752673854956e-06,1.2082156071016563e-06,-0.1332242575762215,-9.018379908763895e-08,2.4621202150904293e-14
full,2,1,0.6931471805599453,-0.15601292905156847,-2.7726465641301177e-12,-0.1560129290391036,7.989631178872969e-11,1.947856227242881e-12,-0.15601292905344946,-3.2786091181711222e-12,5.361247726380811e-16
full,3,1,1.0986122886681098,-0.20189889988764625,2.4989299224430988e-12,-0.20189889986939866,9.037992576566012e-11,1.3033981910107034e-12,-0.20189889988887916,2.9155535670799586e-12,2.0436468135440146e-15
full,2,2,1.3862943611198906,-0.1103178000723035,-4.042792775245709e-12,-0.1103178000763258,-3.646094537401723e-11,7.02383560398107e-12,-0.11031780007422073,-1.0814387192815051e-11,3.202737182003814e-14
full,5,1,1.6094379124341003,-0.22910752438349477,-4.4978653379644747e-11,-0.22910752440522542,-9.484912855128869e-11,9.186101377215468e-13,-0.22910752438370843,-4.4085260399647864e-11,1.6889819264444123e-15
full,7,1,1.9459101490553132,-0.2341121160916318,-1.66969475979191e-11,-0.23411211608563706,2.560618383995461e-11,4.488394244104466e-12,-0.2341121160913555,-2.117557371994386e-11,1.929591348823004e-15
full,2,3,2.0794415416798357,-0.07800646458978774,1.9196461917366745e-12,-0.0780064645195518,9.003862100342985e-10,1.3384949589679128e-11,-0.07800646460186646,7.688379893045437e-12,9.352379144436639e-16
full,3,2,2.1972245773362196,-0.11656638416935028,-1.3325345061360933e-11,-0.1165663841886866,-1.6588252993443575e-10,2.912442047027242e-12,-0.11656638416657202,-1.2447293845326996e-11,1.855319518205486e-15
full,11,1,2.3978952727983707,-0.23013570114802478,-1.8833835908401133e-11,-0.23013570108523157,2.728530734685819e-10,8.827160463336427e-12,-0.23013570115682866,-1.9500184189640875e-11,2.935369610995657e-15
full,13,1,2.5649493574615367,-0.2264421376104194,2.2381458989099744e-12,-0.22644213759952758,4.809974640807013e-11,3.488639219537316e-12,-0.22644213761379453,3.12878878403114e-12,2.2889193234696815e-15
full,2,4,2.772588722239781,-0.05515890000487253,-1.0625206480619242e-11,-0.0551589000381629,-6.035357769107463e-10,9.502826396111278e-12,-0.055158899995637715,-1.2838345565720371e-11,7.008444298286601e-15
full,17,1,2.833213344056216,-0.21872828372807093,8.219816091763629e-12,-0.21872828371837585,4.4324766079739675e-11,5.0047570803044234e-12,-0.21872828372967631,3.483658446614404e-12,3.971803510832023e-15
full,19,1,2.9444389791664403,-0.21501852844282937,-7.375599740161965e-12,-0.21501852841127717,1.4674172987838574e-10,8.25829841186177e-12,-0.21501852844059088,-1.532647636886152e-11,2.775559171013075e-15
full,23,1,3.1354942159291497,-0.20810964736734613,6.333181251626319e-12,-0.20810964733659634,1.4775758394591776e-10,6.4006488339566615e-12,-0.20810964737373744,6.7055831142087835e-12,2.003692291086529e-15
full,5,2,3.2188758248682006,-0.10245999979950923,3.270320782496602e-11,-0.10245999974535523,5.285378801289653e-10,2.676620031392844e-12,-0.10245999979684231,3.24576278655283e-11,1.9267058212787645e-15
full,3,3,3.295836866004329,-0.06729963335988991,-2.216310615900319e-11,-0.06729963328979954,1.0414673567993304e-09,3.2865911461358627e-11,-0.06729963338728213,-4.0326611121242466e-11,1.6131410620722948e-15
full,29,1,3.367295829986474,-0.19903635095349773,1.336287544392193e-11,-0.1990363509339811,9.80555636687086e-11,6.4353152581262144e-12,-0.19903635094778208,1.0410442093443798e-11,5.9657608299173826e-15
full,31,1,3.4339872044851463,-0.19632154036614136,-3.189664539646679e-11,-0.1963215403858554,-1.0041711906438877e-10,1.6468859375167718e-11,-0.19632154037355293,-1.7194581622602913e-11,4.506099020550004e-15
full,2,5,3.4657359027997265,-0.03900323229359415,-4.356164575322499e-12,-0.0390032322597759,8.670626439055695e-10,1.8900286675202416e-11,-0.039003232311938585,1.91864472843696e-13,5.553276208705338e-15
full,37,1,3.6109179126442243,-0.18895869504150378,3.769298171264934e-11,-0.1889586950119591,1.5635515104861497e-10,3.587936559107163e-11,-0.18895869502906448,7.134584640077176e-11,6.293327279960414e-15
full,41,1,3.713572066704308,-0.18460780367346286,-8.346203223996197e-11,-0.184607803637099,1.9697887765346422e-10,3.852850728320651e-11,-0.18460780366141724,-1.2005481150523277e-10,6.135850543366625e-15
full,43,1,3.7612001156935624,-0.1825754334217226,7.768333769260678e-12,-0.18257543342631882,-2.5174307083375425e-11,1.708446930199377e-11,-0.18257543341473403,-7.825774083078939e-12,5.8503004758802295e-15
full,47,1,3.8501476017100584,-0.1787633882777604,9.214247064733045e-11,-0.17876338822837304,2.7627211629521753e-10,1.6010889679831994e-11,-0.1787633882771912,1.081424396008251e-10,4.0518522541665544e-15
full,7,2,3.8918202981106265,-0.08848606248526923,-4.8526131466642335e-12,-0.08848606258138285,-1.0862006849521322e-09,3.0356122780905495e-11,-0.0884860625154859,-7.772828869999233e-12,1.3614175872233753e-15
full,53,1,3.970291913552122,-0.1735939685168396,-6.371401397858552e-11,-0.1735939685443537,-1.5849688228541936e-10,3.2907910323286095e-11,-0.1735939685041328,-3.336015277510134e-11,4.974285350616108e-15
full,59,1,4.07753744390572,-0.16897485385263117,2.1642524558189554e-11,-0.16897485378921837,3.7527958518523974e-10,1.5618713099942437e-11,-0.16897485385954494,7.641444170329694e-12,4.315598749110287e-15
full,61,1,4.110873864173311,-0.16754032794831675,-3.6771285448413703e-11,-0.16754032791775322,1.8242496402365305e-10,4.500508737125165e-11,-0.1675403279163075,-5.13441937579458e-12,1.6685751927180635e-15
full,2,6,4.1588830833596715,-0.027579450070013833,5.102777921482037e-11,-0.02757945001908145,1.8467511964104233e-09,7.230289612430501e-11,-0.027579450054013768,-1.9476395208549703e-11,8.900416057209696e-15
full,67,1,4.204692619390966,-0.16351100149431513,1.4222812850296088e-10,-0.16351100147025147,1.4716849960905165e-10,5.516612959789151e-11,-0.16351100149777037,8.719715821086826e-11,6.633540086216556e-14
full,71,1,4.2626798770413155,-0.16102884265558717,6.660522463884685e-11,-0.16102884271275783,-3.5503366913047785e-10,9.359784604648012e-11,-0.16102884273423068,1.5856879774585343e-11,5.24811268318749e-15
full,73,1,4.290459441148391,-0.15984258650484542,1.7726716243139082e-11,-0.1598425863444375,1.0035370312522218e-09,5.4043232328714143e-11,-0.15984258650442668,-3.6316081815898124e-11,4.001642734073566e-15
full,79,1,4.3694478524670215,-0.15648155109152342,1.0872799073158918e-10,-0.15648155106679665,1.5801715491647883e-10,5.254197788912446e-11,-0.15648155113951845,8.734765453893741e-11,8.43932514597047e-15
full,3,4,4.394449154672439,-0.038855461316868324,-6.627463850085045e-11,-0.03885546139622887,-2.0424554270093154e-09,1.328802052851225e-10,-0.03885546141116257,2.7350653961239645e-11,2.4320263713872128e-15
full,83,1,4.418840607796598,-0.15439008902548257,-5.504099253938061e-11,-0.15439008898017337,2.934721354819203e-10,1.4704557449924586e-10,-0.15439008893674028,6.221104610578383e-11,4.915417110830025e-15
full,89,1,4.48863636973214,-0.15145009432706638,-1.2482307132559735e-10,-0.15145009428891956,2.5187718577512896e-10,1.3493105560572894e-10,-0.15145009432276949,1.0039849309292924e-11,1.0080096153849026e-15
full,97,1,4.574710978503383,-0.14785224467581395,3.7531859165912086e-11,-0.14785224441209735,1.7836496724044082e-09,2.924650303064435e-10,-0.14785224438662484,-6.101838961674132e-12,2.6939611695886507e-15
full,101,1,4.61512051684126,-0.14617479253561402,3.6623720957897634e-10,-0.14617479278578105,-1.7114238914928137e-09,3.405936794420731e-10,-0.14617479275755607,1.0788142879757435e-10,3.569100714205229e-15
full,103,1,4.634728988229636,-0.14536366325816613,5.620053801556233e-10,-0.145363663339395,-5.587975637766363e-10,5.621210157260901e-10,-0.1453636633717708,1.1486626234739306e-11,6.637363649022009e-15
full,107,1,4.672828834461906,-0.14379312148343668,6.77765824218957e-10,-0.14379312149769535,-9.916101273432787e-11,5.868878967033749e-10,-0.14379312156541516,9.663284826757515e-11,5.511408136099476e-15
full,109,1,4.6913478822291435,-0.14303242960621007,7.441295803032969e-10,-0.14303243005044233,-3.105814938564322e-09,7.822837274799154e-10,-0.14303243007411023,1.172008293631368e-10,4.686955391056989e-15
full,113,1,4.727387818712341,-0.14155725672313366,-2.611040507007606e-10,-0.14155725660115417,8.616971580721611e-10,2.3217356393711587e-10,-0.1415572566871385,-3.173966321963986e-11,1.9225992096295086e-15
full,11,2,4.795790545596741,-0.06938852259898248,-1.0602381903368836e-09,-0.06938852466955447,-2.98402653697849e-08,2.0400474232906182e-09,-0.06938852440242108,-1.0660944955353561e-10,1.858821006550814e-15
full,5,3,4.828313737302301,-0.04582150330677343,-3.5096519789256648e-09,-0.04582150488104508,-3.435661166673043e-08,3.5577326879308483e-09,-0.04582150468883808,-2.3133410789733242e-10,3.399346420169114e-15
full,127,1,4.844187086458591,-0.13682616964788133,-3.728847030003233e-09,-0.13682617124428062,-1.1667353416733306e-08,3.74348283643195e-09,-0.13682617116556628,-3.0682232672316947e-10,1.1554391586038292e-14
full,2,7,4.852030263919617,-0.019501620283593084,-4.747692018987378e-09,-0.01950161612988795,2.1299286712128662e-07,5.887509167206985e-09,-0.019501616462081022,-2.689912321449259e-10,5.016707891592482e-15
full,131,1,4.875197323201151,-0.13558345089680968,1.4087039924150767e-09,-0.1355834491603077,1.280762496058685e-08,2.191431522050136e-09,-0.13558344918360676,4.222585687244253e-11,1.2954330973629485e-14
full,137,1,4.919980925828125,-0.13379913629436407,-1.4427164219693822e-08,-0.13379912176069506,1.086230523306142e-07,1.8914631101172486e-08,-0.13379912285634918,-1.1161451679753505e-09,5.930176443910078e-15
full,139,1,4.9344739331306915,-0.13322434198842625,5.887970202649466e-09,-0.13322434272608064,-5.536933911365338e-09,5.839661052603493e-09,-0.13322434278168702,1.0243463622365927e-10,3.919436382425975e-15
