prime,repetition,period_theoretical,period_observed,absolute_error,error_in_fwhm,amplitude_real,amplitude_imag,modulus_observed,phase_observed,theoretical_coeff,prominence,snr,detected,resolved
2,1,0.693147,0.693147,0.000000,0.0000,-49.078493,-24.403233,54.810731,-2.680165,-0.156013,54.810686,25.3933,True,True
3,1,1.098612,1.098611,0.000001,0.0002,33.403646,-62.201972,70.603745,-1.077974,-0.201899,70.603725,32.7101,True,True
2,2,1.386294,1.386293,0.000001,0.0003,-23.380416,-30.887242,38.738425,-2.218737,-0.110318,38.738171,17.9471,True,True
5,1,1.609438,1.609440,0.000002,0.0004,64.090192,48.333950,80.272806,0.646155,-0.229108,80.272776,37.1896,True,True
7,1,1.945910,1.945911,0.000000,0.0001,-81.977983,6.603454,82.243512,3.061215,-0.234112,82.243341,38.1026,True,True
2,3,2.079442,2.079440,0.000002,0.0004,-5.072608,-26.877118,27.351614,-1.757335,-0.078006,27.350557,12.6717,True,True
3,2,2.197225,2.197225,0.000000,0.0000,22.619089,34.139330,40.952620,0.985648,-0.116566,40.951795,18.9730,True,True
11,1,2.397895,2.397894,0.000001,0.0003,76.706078,24.473269,80.515610,0.308843,-0.230136,80.515079,37.3021,True,True
13,1,2.564949,2.564948,0.000002,0.0004,62.324338,49.286880,79.457659,0.669114,-0.226442,79.457102,36.8120,True,True
2,4,2.772589,2.772589,0.000001,0.0001,5.253655,-18.574480,19.303165,-1.295154,-0.055159,19.132074,8.9430,True,True
17,1,2.833213,2.833529,0.000315,0.0705,28.685229,-72.103280,77.599777,-1.192157,-0.218728,12.748626,35.9512,True,True
19,1,2.944439,NaN,NaN,NaN,NaN,NaN,NaN,NaN,-0.215019,NaN,NaN,False,True
23,1,3.135494,3.134398,0.001096,0.2451,70.754308,64.325198,95.623758,0.737839,-0.208110,90.644980,44.3016,True,True
5,2,3.218876,NaN,NaN,NaN,NaN,NaN,NaN,NaN,-0.102460,NaN,NaN,False,True
3,3,3.295837,3.296988,0.001151,0.2575,-54.314326,1.693218,54.340712,3.110428,-0.067300,50.502929,25.1755,True,True
29,1,3.367296,3.366793,0.000503,0.1124,-72.038635,-52.088983,88.897846,-2.515551,-0.199036,86.642780,41.1855,True,True
31,1,3.433987,3.433891,0.000096,0.0214,-14.207260,71.254011,72.656592,1.767604,-0.196322,69.364973,33.6611,True,True
2,5,3.465736,3.463263,0.002473,0.5532,-14.324062,-8.794389,16.808332,-2.590972,-0.039003,8.930803,7.7871,True,True
37,1,3.610918,3.612237,0.001319,0.2950,-66.208200,25.453488,70.932404,2.774566,-0.188959,68.227654,32.8623,True,True
41,1,3.713572,3.713763,0.000191,0.0428,27.848634,49.901501,57.146358,1.061777,-0.184608,54.772829,26.4754,True,True
43,1,3.761200,3.760428,0.000772,0.1726,-47.817906,-26.328883,54.587198,-2.638283,-0.182575,52.626640,25.2897,True,True
47,1,3.850148,3.849912,0.000235,0.0527,-22.004092,-61.420552,65.243117,-1.914804,-0.178763,63.403448,30.2265,True,True
7,2,3.891820,3.890592,0.001228,0.2746,-37.200109,5.988261,37.679005,2.981988,-0.088486,36.021469,17.4563,True,True
53,1,3.970292,3.969494,0.000798,0.1785,-57.419903,28.215541,63.977825,2.684857,-0.173594,62.740334,29.6403,True,True
59,1,4.077537,4.078020,0.000483,0.1080,-30.399709,-51.569982,59.863222,-2.103448,-0.168975,58.529707,27.7341,True,True
61,1,4.110874,4.110064,0.000810,0.1811,-53.363074,14.149022,55.206997,2.882410,-0.167540,53.470931,25.5769,True,True
67,1,4.204693,4.204937,0.000245,0.0547,23.091387,49.969745,55.047139,1.137920,-0.163511,53.773387,25.5028,True,True
71,1,4.262680,4.262511,0.000169,0.0378,8.232000,-56.314383,56.912876,-1.425645,-0.161029,55.730948,26.3672,True,True
73,1,4.290459,4.291111,0.000652,0.1457,51.007479,-15.381212,53.276117,-0.292877,-0.159843,52.322422,24.6823,True,True
79,1,4.369448,4.368796,0.000652,0.1459,52.700534,-13.649855,54.439552,-0.253439,-0.156482,53.964224,25.2213,True,True
3,4,4.394449,4.393668,0.000782,0.1748,2.965316,-13.063611,13.395934,-1.347588,-0.038855,12.927850,6.2062,True,True
83,1,4.418841,4.418769,0.000072,0.0161,-48.538419,-30.903909,57.541548,-2.574631,-0.154390,57.199060,26.6585,True,True
89,1,4.488636,4.488587,0.000049,0.0110,-53.098602,-19.187727,56.459104,-2.794833,-0.151450,55.765604,26.1570,True,True
97,1,4.574711,4.574574,0.000137,0.0306,-33.960035,35.939840,49.446497,2.327879,-0.147852,48.738175,22.9081,True,True
101,1,4.615121,4.615274,0.000153,0.0343,48.117743,-3.940284,48.278805,-0.081706,-0.146175,45.538839,22.3671,True,True
103,1,4.634729,4.634660,0.000069,0.0153,7.399011,49.696035,50.243818,1.422997,-0.145364,49.225336,23.2775,True,True
107,1,4.672829,4.672529,0.000300,0.0671,-47.666140,-21.143127,52.144921,-2.724101,-0.143793,51.728729,24.1583,True,True
109,1,4.691348,4.691485,0.000137,0.0307,-20.575734,-46.569813,50.912752,-1.986832,-0.143032,48.801042,23.5874,True,True
113,1,4.727388,4.727253,0.000134,0.0301,11.202614,-47.701623,48.999423,-1.340129,-0.141557,48.461705,22.7010,True,True
11,2,4.795791,4.795335,0.000456,0.1019,-21.814645,-13.614811,25.714623,-2.583631,-0.069389,25.164945,11.9133,True,True
5,3,4.828314,4.828403,0.000089,0.0200,-7.869790,15.312093,17.216090,2.045549,-0.045822,15.522327,7.9761,True,True
127,1,4.844187,4.844275,0.000088,0.0196,37.831333,32.985687,50.192283,0.717080,-0.136826,49.752785,23.2536,True,True
131,1,4.875197,4.874977,0.000220,0.0492,-25.341966,-39.138222,46.626341,-2.145411,-0.135583,45.906033,21.6015,True,True
137,1,4.919981,4.920129,0.000148,0.0330,5.967755,-46.230889,46.614475,-1.442420,-0.133799,46.043793,21.5960,True,True
139,1,4.934474,4.934782,0.000308,0.0689,-40.098650,21.938830,45.707921,2.640962,-0.133224,38.976583,21.1761,True,True
