peak_index,period_candidate,fwhm,amplitude_real,amplitude_imag,modulus,phase_rad,prominence,snr
2641,2.861898,0.032990,172.682600,0.162241,172.682676,0.000940,172.527995,80.002264
2677,2.894145,0.016423,-125.803708,-0.199087,125.803866,-3.140010,121.147209,58.283751
2730,2.940969,0.015458,-107.891210,35.739612,113.656646,2.821713,108.772371,52.656058
2703,2.916823,0.013424,108.767617,-0.193294,108.767789,-0.001777,103.263901,50.391096
2946,3.134398,0.008259,70.754308,64.325198,95.623758,0.737839,90.644980,44.301590
3206,3.366793,0.007587,-72.038635,-52.088983,88.897846,-2.515551,86.642780,41.185538
1617,1.945911,0.008944,-81.977983,6.603454,82.243512,3.061215,82.243341,38.102648
2122,2.397894,0.008973,76.706078,24.473269,80.515610,0.308843,80.515079,37.302127
1241,1.609440,0.008964,64.090192,48.333950,80.272806,0.646155,80.272776,37.189638
2309,2.564948,0.008954,62.324338,49.286880,79.457659,0.669114,79.457102,36.811988
2762,2.970122,0.009883,-84.298258,-0.245154,84.298614,-3.138684,75.471119,39.054757
2779,2.985447,0.009588,79.043602,0.453600,79.044904,0.005739,73.530401,36.620762
669,1.098611,0.008976,33.403646,-62.201972,70.603745,-1.077974,70.603725,32.710053
3281,3.433891,0.009153,-14.207260,71.254011,72.656592,1.767604,69.364973,33.661117
2796,3.000004,0.009074,-74.979900,0.256083,74.980338,3.138177,68.939866,34.737687
3480,3.612237,0.008070,-66.208200,25.453488,70.932404,2.774566,68.227654,32.862317
2811,3.013937,0.008636,71.238726,0.337636,71.239526,0.004739,64.353417,33.004604
3746,3.849912,0.008464,-22.004092,-61.420552,65.243117,-1.914804,63.403448,30.226524
2826,3.027352,0.008452,-67.971510,-0.347472,67.972398,-3.136481,62.878937,31.490975
3880,3.969494,0.008269,-57.419903,28.215541,63.977825,2.684857,62.740334,29.640326
4001,4.078020,0.008743,-30.399709,-51.569982,59.863222,-2.103448,58.529707,27.734069
2841,3.040325,0.008037,65.164107,-0.187085,65.164376,-0.002871,58.499498,30.190044
2744,2.954180,0.007551,91.116903,-0.395731,91.117762,-0.004343,58.106740,42.214005
2855,3.052911,0.007915,-62.562339,0.105460,62.562428,3.139907,57.578469,28.984586
4382,4.418769,0.008122,-48.538419,-30.903909,57.541548,-2.574631,57.199060,26.658459
4460,4.488587,0.008052,-53.098602,-19.187727,56.459104,-2.794833,55.765604,26.156973
4208,4.262511,0.008766,8.232000,-56.314383,56.912876,-1.425645,55.730948,26.367202
216,0.693147,0.008942,-49.078493,-24.403233,54.810731,-2.680165,54.810686,25.393298
3594,3.713763,0.010963,27.848634,49.901501,57.146358,1.061777,54.772829,26.475372
2869,3.065159,0.007697,59.915619,-0.451509,59.917320,-0.007536,54.554109,27.759132
4326,4.368796,0.009008,52.700534,-13.649855,54.439552,-0.253439,53.964224,25.221334
4143,4.204937,0.009542,23.091387,49.969745,55.047139,1.137920,53.773387,25.502823
4037,4.110064,0.009768,-53.363074,14.149022,55.206997,2.882410,53.470931,25.576884
3646,3.760428,0.011385,-47.817906,-26.328883,54.587198,-2.638283,52.626640,25.289737
4240,4.291111,0.009650,51.007479,-15.381212,53.276117,-0.292877,52.322422,24.682325
4666,4.672529,0.008460,-47.666140,-21.143127,52.144921,-2.724101,51.728729,24.158253
2882,3.077105,0.007358,-57.972656,0.051878,57.972679,3.140698,50.925542,26.858198
3128,3.296988,0.006511,-54.314326,1.693218,54.340712,3.110428,50.502929,25.175542
4858,4.844275,0.008757,37.831333,32.985687,50.192283,0.717080,49.752785,23.253614
4624,4.634660,0.009083,7.399011,49.696035,50.243818,1.422997,49.225336,23.277489
4687,4.691485,0.008511,-20.575734,-46.569813,50.912752,-1.986832,48.801042,23.587401
4557,4.574574,0.009652,-33.960035,35.939840,49.446497,2.327879,48.738175,22.908098
4727,4.727253,0.009133,11.202614,-47.701623,48.999423,-1.340129,48.461705,22.700973
2895,3.088779,0.007144,55.937986,-0.005093,55.937987,-0.000091,48.314651,25.915545
4943,4.920129,0.009069,5.967755,-46.230889,46.614475,-1.442420,46.043793,21.596049
2908,3.100207,0.006933,-53.982901,0.264066,53.983547,3.136701,45.960012,25.010071
4893,4.874977,0.009148,-25.341966,-39.138222,46.626341,-2.145411,45.906033,21.601546
4602,4.615274,0.009618,48.117743,-3.940284,48.278805,-0.081706,45.538839,22.367118
2920,3.111411,0.006810,52.181961,0.524177,52.184593,0.010045,44.571036,24.176633
3045,3.222489,0.014690,-42.076532,-21.259018,47.142130,-2.673757,42.723725,21.840506
1898,2.197225,0.008942,22.619089,34.139330,40.952620,0.985648,40.951795,18.972965
2980,3.164667,0.006437,-45.036732,0.073675,45.036793,3.139957,40.261746,20.865124
2933,3.122480,0.006401,-50.616791,-0.041864,50.616808,-3.140766,39.614765,23.450292
4959,4.934782,0.008475,-40.098650,21.938830,45.707921,2.640962,38.976583,21.176051
991,1.386293,0.008948,-23.380416,-30.887242,38.738425,-2.218737,38.738171,17.947149
2968,3.154330,0.006340,46.084105,0.256995,46.084822,0.005577,38.361456,21.350666
3003,3.184900,0.006350,-42.240992,0.585568,42.245050,3.127731,37.805511,19.571736
2991,3.174850,0.006215,43.683228,0.294386,43.684220,0.006739,37.277545,20.238489
3014,3.194828,0.006238,41.269233,-0.538276,41.272743,-0.013042,36.767406,19.121275
3792,3.890592,0.006991,-37.200109,5.988261,37.679005,2.981988,36.021469,17.456330
3025,3.204620,0.006137,-40.220499,0.403301,40.222521,3.131566,35.529814,18.634717
3067,3.242804,0.005889,-36.649526,-0.372415,36.651418,-3.131431,32.664687,16.980258
3088,3.261326,0.005727,-35.103626,0.027318,35.103636,3.140814,30.831395,16.263185
3057,3.233403,0.005695,37.435712,-0.578615,37.440183,-0.015455,30.444959,17.345686
3098,3.270452,0.005703,34.219776,0.211862,34.220432,0.006191,30.110996,15.854005
3078,3.252107,0.005544,35.691543,-0.441205,35.694270,-0.012361,28.955591,16.536820
3108,3.279531,0.005529,-33.534352,-0.364729,33.536336,-3.130717,28.637060,15.537070
1766,2.079440,0.008958,-5.072608,-26.877118,27.351614,-1.757335,27.350557,12.671746
3138,3.306252,0.005143,32.023427,0.158662,32.023820,0.004955,26.937806,14.836336
3148,3.314993,0.005486,-30.760107,-0.008927,30.760108,-3.141302,26.913723,14.250870
3158,3.323707,0.005377,30.099706,-0.346207,30.101697,-0.011501,26.035924,13.945834
3118,3.288032,0.004752,30.864881,0.574721,30.870231,0.018618,25.769218,14.301889
4803,4.795335,0.008045,-21.814645,-13.614811,25.714623,-2.583631,25.164945,11.913344
3177,3.340915,0.005293,28.998528,-0.049262,28.998569,-0.001699,24.841467,13.434765
3167,3.332346,0.005188,-29.370836,-0.470608,29.374606,-3.125571,24.004025,13.608979
3187,3.349492,0.005240,-28.175229,0.466053,28.179083,3.125053,23.871592,13.055105
3322,3.470990,0.005565,24.554547,-3.452841,24.796127,-0.139703,21.683773,11.487813
3242,3.399468,0.005100,-25.129251,-0.495423,25.134134,-3.121880,21.670324,11.644409
3224,3.382970,0.004847,-26.733503,-0.443473,26.737181,-3.125006,21.524131,12.387085
3252,3.407625,0.005063,24.690832,-0.421676,24.694432,-0.017077,21.212285,11.440699
3233,3.391246,0.004991,25.695927,0.229681,25.696954,0.008938,21.013834,11.905158
3261,3.415749,0.004971,-24.341518,0.377688,24.344448,3.126078,20.310858,11.278554
2541,2.772589,0.008917,5.253655,-18.574480,19.303165,-1.295154,19.132074,8.942975
2957,3.144136,0.004000,-47.202455,1.099225,47.215252,3.118309,18.408945,21.874383
3340,3.486993,0.004831,20.858980,0.387133,20.862572,0.018557,17.901084,9.665434
3296,3.447790,0.004826,-22.519904,-0.567211,22.527046,-3.116411,17.880318,10.436569
3332,3.479203,0.004778,-21.176550,0.340400,21.179285,3.125520,17.552982,9.812164
3366,3.510083,0.004701,-20.005990,-0.161965,20.006646,-3.133497,16.992917,9.268891
3349,3.494723,0.004610,-20.703338,0.050869,20.703401,3.139136,16.852523,9.591691
3383,3.525315,0.004679,-19.371499,-0.198177,19.372513,-3.131363,16.523672,8.975104
3358,3.502420,0.004688,20.123780,-0.434491,20.128470,-0.021588,16.480546,9.325332
3305,3.455740,0.004674,22.056450,0.519790,22.062574,0.023562,16.184628,10.221384
3400,3.540428,0.004608,-18.818437,-0.084843,18.818629,-3.137084,15.930336,8.718494
4840,4.828403,0.007427,-7.869790,15.312093,17.216090,2.045549,15.522327,7.976053
3375,3.517719,0.004498,19.598818,-0.333297,19.601652,-0.017004,15.319100,9.081261
3425,3.562877,0.004577,17.948343,0.185659,17.949304,0.010344,15.227829,8.315744
3392,3.532890,0.004469,18.957628,-0.360060,18.961046,-0.018991,14.777287,8.784475
3408,3.547937,0.004579,18.233845,0.495338,18.240572,0.027159,14.776750,8.450686
3417,3.555424,0.004470,-18.221384,0.147651,18.221982,3.133490,14.762347,8.442073
3450,3.585096,0.004488,-17.264075,0.016060,17.264082,3.140662,14.515706,7.998287
3196,3.357667,0.003553,28.507764,0.678925,28.515847,0.023811,14.443433,13.211125
3458,3.592371,0.004393,17.032108,0.158035,17.032841,0.009278,14.154209,7.891156
3433,3.570297,0.004488,-17.418677,-0.489818,17.425563,-3.113480,13.833995,8.073100
3442,3.577706,0.004407,17.344065,-0.211270,17.345352,-0.012180,13.829976,8.035939
3499,3.628718,0.004439,-15.748610,0.086564,15.748848,3.136096,13.192396,7.296293
3507,3.636006,0.004417,15.451249,0.010095,15.451252,0.000653,13.005654,7.158420
4354,4.393668,0.009741,2.965316,-13.063611,13.395934,-1.347588,12.927850,6.206210
3515,3.643183,0.004370,-15.368082,0.032575,15.368116,3.139473,12.896850,7.119904
3270,3.423840,0.003807,23.908253,-1.918821,23.985129,-0.080086,12.770814,11.112085
2610,2.833529,0.003972,28.685229,-72.103280,77.599777,-1.192157,12.748626,35.951249
3523,3.650329,0.004367,15.141405,-0.018519,15.141416,-0.001223,12.732299,7.014876
4094,4.160958,0.005592,13.674426,-2.624366,13.923980,-0.189612,12.572733,6.450849
3531,3.657469,0.004357,-14.910367,0.010979,14.910371,3.140856,12.523512,6.907835
3539,3.664585,0.004336,14.708518,-0.071008,14.708689,-0.004828,12.301035,6.814398
3547,3.671681,0.004309,-14.489316,0.149812,14.490090,3.131254,12.014692,6.713123
3491,3.621577,0.003593,17.536704,-0.924266,17.561043,-0.052656,11.667807,8.135867
3555,3.678758,0.004240,14.284603,-0.182440,14.285768,-0.012771,11.523053,6.618463
3563,3.685796,0.004230,-14.022750,0.281565,14.025576,3.121516,11.177602,6.497918
3625,3.741557,0.004218,-12.549708,0.073798,12.549925,3.135712,10.343299,5.814262
3571,3.692821,0.004163,13.547201,-0.610608,13.560955,-0.045042,10.294973,6.282663
3579,3.699981,0.004169,-13.432176,0.435732,13.439242,3.109165,10.058444,6.226275
3633,3.748670,0.004030,13.048522,0.029246,13.048555,0.002241,9.847518,6.045273
3617,3.734639,0.004040,12.689954,0.085717,12.690244,0.006755,9.645610,5.879271
3671,3.782640,0.004117,-11.684118,0.137881,11.684932,3.129792,9.579615,5.413519
3686,3.796139,0.004034,-11.531475,-0.056324,11.531612,-3.136708,9.175220,5.342488
3694,3.802902,0.004113,11.202186,-0.313570,11.206574,-0.027985,9.085791,5.191901
3678,3.789390,0.004066,11.459350,0.416934,11.466933,0.036368,9.057524,5.312522
3709,3.816372,0.004105,10.991285,-0.314747,10.995791,-0.028628,8.993085,5.094247
3314,3.463263,0.003604,-14.324062,-8.794389,16.808332,-2.590972,8.930803,7.787143
3663,3.775707,0.004157,11.490709,0.067313,11.490906,0.005858,8.579059,5.323629
3609,3.727625,0.003997,-12.705031,-0.369738,12.710410,-3.112499,8.548202,5.888614
3701,3.809643,0.003936,-11.200571,-0.120109,11.201215,-3.130870,8.524767,5.189418
3761,3.863091,0.003909,-10.104972,0.363471,10.111507,3.105639,8.231927,4.684566
3716,3.823076,0.003882,-10.938634,-0.112211,10.939209,-3.131335,8.206817,5.068033
3724,3.829768,0.003872,10.755106,-0.050784,10.755226,-0.004722,8.074581,4.982795
3776,3.876249,0.003916,-10.108873,0.307193,10.113539,3.111214,8.043882,4.685508
3768,3.869659,0.003877,10.078571,0.398798,10.086458,0.039548,7.775497,4.672961
3466,3.599576,0.003608,-15.225738,-1.008534,15.259103,-3.075451,7.742820,7.069399
3216,3.375396,0.002734,23.622499,-2.409805,23.745097,-0.101661,7.530069,11.000881
3820,3.915564,0.003957,-9.218780,0.321227,9.224375,3.106762,7.482426,4.273566
3812,3.909084,0.003917,9.222916,0.231743,9.225827,0.025122,7.327279,4.274239
3827,3.922057,0.003888,9.222853,-0.109800,9.223506,-0.011905,7.280133,4.273164
3731,3.836407,0.003717,-10.719727,-0.302296,10.723988,-3.113400,7.135018,4.968323
3783,3.882455,0.003168,9.896866,-0.065218,9.897080,-0.006590,6.960359,4.585225
3841,3.935027,0.003869,8.869561,0.276118,8.873858,0.031121,6.959622,4.111175
3863,3.954484,0.003676,-9.120509,0.164647,9.121995,3.123542,6.822181,4.226135
3849,3.941518,0.003863,-8.724483,0.248627,8.728025,3.113103,6.780235,4.043612
3805,3.902493,0.004205,-8.716172,-0.127696,8.717108,-3.126943,6.567865,4.038554
3870,3.960461,0.002846,9.618324,-0.346665,9.624569,-0.036027,6.562094,4.458973
3906,3.992937,0.003843,-8.173497,-0.039796,8.173594,-3.136724,6.543291,3.786749
3834,3.928546,0.003682,-9.103558,-0.086549,9.103970,-3.132086,6.537743,4.217784
3856,3.948027,0.003686,8.811264,-0.124690,8.812146,-0.014150,6.280368,4.082585
3920,4.005614,0.003785,-7.929242,-0.200966,7.931788,-3.116253,6.199444,3.674723
3927,4.011975,0.003846,7.755840,0.291283,7.761308,0.037539,6.188999,3.595741
4026,4.099993,0.003283,8.298003,-0.534789,8.315219,-0.064359,6.155069,3.852363
3913,3.999263,0.003706,8.106707,0.098915,8.107310,0.012201,6.136523,3.756041
3935,4.018326,0.003868,-7.634572,0.317108,7.641155,3.100081,6.122897,3.540075
3942,4.024661,0.003834,7.616099,-0.279330,7.621220,-0.036660,6.087270,3.530840
3949,4.030984,0.003799,-7.575072,0.238185,7.578816,3.110160,6.005579,3.511194
3956,4.037298,0.003765,7.528711,-0.178153,7.530819,-0.023659,5.910806,3.488958
3963,4.043597,0.003730,-7.482257,0.109373,7.483056,3.126976,5.802980,3.466830
3899,3.986589,0.003701,7.894450,0.131316,7.895542,0.016632,5.655337,3.657931
3970,4.049876,0.003699,7.407958,-0.090198,7.408507,-0.012175,5.648579,3.432292
3977,4.056150,0.003675,-7.252973,0.217456,7.256232,3.111620,5.405016,3.361744
