id,classe,requisito,codigo,tipo_evidencia,fonte,localizacao,enunciado,hipoteses,argumento_aplicavel,estado
E-K1-M1,K1,M1,S,fonte (comentário) + fato padrão,Bellissard arXiv:1704.02644v1,p. 2,"A = (x̂p̂+p̂x̂)/2 é bem definido e auto-adjunto em L²(0,∞) como gerador da representação unitária fortemente contínua D(λ)f(x)=λ^{-1/2}f(x/λ) de ℝ*₊","L²(0,∞,dx); domínio do gerador pelo teorema de Stone",Stone: grupo unitário fortemente contínuo tem gerador auto-adjunto; o operador não usa os zeros,conferido
E-K1-M2,K1,M2,V,derivação elementar,—,—,A tem espectro puramente absolutamente contínuo igual a ℝ; não tem autovalores,A = −i(x d/dx + ½) no domínio de Stone,"U: L²(ℝ₊,dx)→L²(ℝ,du), (Uf)(u)=e^{u/2}f(e^u), é unitária; se g=Uf então g'(u)=e^{u/2}(f/2 + x f')|_{x=e^u}, logo U A U⁻¹ = −i d/du em H¹(ℝ); pela transformada de Fourier é multiplicação por k, espectro a.c. ℝ. Sem autovalores, o espectro não pode ser o conjunto discreto {γ}",derivação escrita; conferir em 11.3b
E-K1-M3,K1,M3,P,fonte,Berry-Keating 1999 SIAM Rev. 41,p. 261,"Com truncamento em X e P, ⟨N(E)⟩ reproduz a assintótica suave dos zeros incluindo 7/8; o movimento de XP é ilimitado e não dá energias discretas",regularização semiclássica por células de Planck,heurístico; não é operador,conferido
E-K2b-M2,K2b,M2,P,fonte,Sierra arXiv:0712.0705v1,p. 4; p. 30-31 (eq. 7.46-7.48),"Com suposições adicionais, os zeros na linha crítica são estados ligados; não se exclui zeros fora da linha; Z(t)=2ρ(t)cos(πn(t)) sujeito a polos de ρ",funções de fronteira obtidas da fórmula de Riemann-Siegel de ζ,construção usa ζ; suposições adicionais,conferido
E-K2b-esp,K2b,espectro,—,fonte,Sierra arXiv:0712.0705v1,p. 18; p. 25,Espectro genérico: contínuo sobre ℝ com estados ligados imersos nos zeros de F(E); com fronteiras BK os zeros médios são assintoticamente estados ligados ou ressonâncias,modelo (3.5),—,conferido
E-K2c-M3,K2c,M3,P,fonte,Sierra-Townsend arXiv:0805.4079v2,p. 1,O modelo de absorção de Connes emerge como limite do nível de Landau mais baixo; papel dos níveis superiores sugerido,partícula carregada no plano com potencial e campo uniforme,—,conferido
E-K2d-M1,K2d,M1,L,"fontes (artigo, comentário, réplica)",BBM arXiv:1608.03679v4; Bellissard arXiv:1704.02644v1; réplica arXiv:1705.06767v1,BBM p. 1; Bellissard p. 2-3; réplica p. 1-2,"BBM: Ĥ não hermitiano convencionalmente; realidade não provada. Bellissard: p̂ em L²(0,∞) com ψ(0)=0 tem índices (1,0), sem extensão auto-adjunta; ψ_z ∉ L² para Re z=½. Réplica: não se afirmou realidade; argumentos em produto interno biortogonal",—,domínio e produto interno não construídos; contestação não é refutação demonstrada,conferido
E-K3a-M2,K3a,M2,C,fonte,Connes arXiv:math/9811068v1,p. 13 (Teorema 1); p. 14,"Para δ>1, Sp D_χ ⊂ iℝ = partes imaginárias dos zeros com parte real ½; multiplicidade = maior n<(1+δ)/2 com n ≤ multiplicidade; espera-se multiplicidade limitada",δ>1; espaço H quociente de L²_δ; W não unitária (eq. 22),"para δ>1 fixado, coincide com todos os zeros com multiplicidade ⇔ RH e m_ρ < (1+δ)/2 para todo ρ; um limite uniforme de multiplicidade só permitiria escolher δ",conferido
E-K3a-M4,K3a,M4,P,fonte,Connes arXiv:math/9811068v1,p. 14 (Corolário 2); p. 2 e seção VI,Trace W(h) = soma sobre zeros críticos; o caráter geométrico é cálculo formal,h ∈ S(C_k),lado geométrico formal nesta versão,conferido
E-K3b-obj,K3b,objeto espectral,—,fonte,Connes arXiv:math/9811068v1,resumo; p. 2; p. 45,Zeros críticos como espectro de absorção (linhas ausentes); não críticos como ressonâncias (potencial harmônico relativo à linha crítica),—,não é espectro de emissão; tradução para N não especificada,conferido
E-K3b-M4,K3b,M4,C,fonte,Connes arXiv:math/9811068v1,p. 31 (Teorema 4); p. 42 (Teorema 5); p. 45-47; p. 3,"Fórmula de traço S-local provada; em característica positiva, fórmula global ⇔ RH para L-funções com Grössencharakter; para ℚ descrita como análogo",Teorema 5 enunciado para k de característica positiva,para k=ℚ conferir forma exata na versão publicada,conferido (com ressalva)
E-K3b-M3,K3b,M3,P,fonte,Connes arXiv:math/9811068v1,p. 47-48 (eqs. 35-43),Contagem semiclássica com H=qp e corte Λ: ⟨N(E)⟩ aparece com sinal negativo,"regiões |q|,|p|≤Λ; funções pares",heurístico,conferido
E-K4-pos,K4,critério de positividade,—,fonte,Conrey-Li arXiv:math/9812166v1,p. 2 (Teorema 1); p. 6; p. 7,"Condição de positividade de de Branges implica zeros de E em Im z=−½; falha para E(z)=ξ(1−iz); para W=1/ξ(1−iz) falha via Re{ξ(1+282i)/ξ(2+282i)}=−0,000131957<0","E sem zeros reais, Hermite-Biehler, simetria Ē(z̄)=εE(z−i), monotonicidade em y",segundo exemplo usa cálculo numérico (Mathematica),conferido
E-K5-M1,K5a,M1,S,fonte secundária rigorosa,Marklof arXiv:math/0407288,p. 24,"Em superfície compacta, −Δ tem espectro discreto 0=λ₀<λ₁≤…→∞ com autofunções formando base ortonormal de L²(Γ\ℍ²)",M compacta,"operador definido pela geometria, sem zeros; diagonal em base ortonormal com autovalores reais ⇒ auto-adjunto no domínio maximal correspondente",conferido; primária (Selberg/Hejhal) não lida
E-K5-M3,K5a,M3,V,derivação sobre fonte,Marklof arXiv:math/0407288; plano §2.1 (M3),p. 26 (Prop. 10),N(λ) ~ Area(M)λ/4π (Prop. 10); contagem de Riemann-von Mangoldt N_ζ(E) ~ (E/2π)log(E/2π),M compacta; identificação afim ρ_j=γ_j ou λ_j=γ_j para todos os j; E→∞,"Comparação de CONTAGENS (sem derivar): se ρ_j=γ_j, #{ρ_j≤E}=N(¼+E²) ~ Area E²/4π; se λ_j=γ_j, ~ Area E/4π. Em ambos os casos a razão com N_ζ(E) não tende a 1 quando E→∞. ESCOPO: incompatibilidade assintótica global, sob as identificações afins declaradas; NÃO estabelece violação de tolerâncias numéricas numa faixa finita de alturas.",derivação escrita
E-K5-M2,K5a,M2,V,derivação,E-K5-M3,—,Espectro ≠ zeros sob identificação afim,idem,"M2 implica M3 (plano §2.1); M3 violado assintoticamente ⇒ M2 violado. ESCOPO: global, identificações afins",derivação escrita
E-K5-M5,K5a,M5,S,fonte secundária rigorosa,Marklof arXiv:math/0407288,p. 12 (H2); p. 25 (Teorema 4),λ=¼+ρ² determina ρ a menos de sinal; a fórmula usa h par,"(H1),(H2),(H3*)",simetria ρ↔−ρ embutida,conferido
E-K5-N1,K5a,N1,PC,retirada (revisão 11.3b),E-K5-M3,—,(RETIRADO) V em N1 derivado de densidades locais,identificação afim,"Retirado: (i) a diferença assintótica de contagens não demonstra violação da tolerância de N1 na faixa finita do projeto; (ii) o argumento diferenciava uma equivalência assintótica de uma função em degraus, passagem não justificada. Para V seria preciso estimativa quantitativa com erro controlado na faixa relevante (p.ex. Weyl com resto explícito para a superfície concreta) ou experimento específico",retirada; N1 = PC
E-K5-TF,K5a,"fórmula de traço (M4,N3 PC)",—,fonte secundária rigorosa,Marklof arXiv:math/0407288,p. 25 (Teorema 4); p. 12-13,Σh(ρ_j)=(Area/4π)∫h tanh(πρ)ρdρ + Σ_γ Σ_n ℓ_γ g(nℓ_γ)/(2 sinh(nℓ_γ/2)); g(t)=(1/2π)∫h e^{−iρt},"(H1) σ>½, (H2), (H3*); compacta",coeficientes positivos contendo ℓ_γ; comparação quantitativa com Weil depende de L-EF1,conferido
E-K6-M4,K6,M4,P,fonte,Berry-Keating 1999 SIAM Rev. 41,p. 241; p. 243 (eq. 2.17),"Fórmula de Gutzwiller assintótica (exata só em Selberg); discordâncias: exponencial exato nos zeros vs aproximação; sinal negativo exigiria Maslov π para todas as órbitas, difícil de entender com repetições",ħ→0,analogia com discordâncias escritas,conferido
E-K6-N4,K6,N4,C,fonte,Berry-Keating 1999 SIAM Rev. 41,p. 242,Dinâmica sem simetria de reversão temporal na analogia (evitar degenerescência de ações),T5 conjectural,—,conferido
E-K12-M1,K12,M1,V,definição,—,—,H é definido a partir dos zeros,—,viola a exigência de definição sem os zeros,elementar
E-K12-M2,K12,M2;M3;M4,V,derivação,—,—,Espectro finito,N finito,conjunto finito ≠ conjunto infinito de zeros; N(E) constante para E>γ_N; Σ_{j≤N}h(γ_j) difere da soma completa para h genérica,elementar
E-K12-M5,K12,M5,S,definição,—,—,Restrição explícita a γ>0,—,por construção da diagonal,elementar
E-K12-N,K12,N1;N2;N3;N4,S,derivação,—,—,"Com N≥100.000 níveis inseridos com a precisão do dado, a cadeia m4-v3 recebe entrada idêntica",N≥100.000; mesma precisão,cadeia determinística sobre a mesma sequência; sem valor explicativo,elementar
E-LEF1-W,fórmula explícita,L-EF1,derivacao,derivação sobre fonte secundária,Connes arXiv:math/9811068v1 (Apêndice II),p. 68 eqs. 2–3; p. 69 eqs. 4–9; p. 70 Teorema 1 (Weil); p. 71 eqs. 18–21; p. 78–79 normalização de Haar,"S(X,F)=Σ_ρ N(X,ρ)Φ(ρ) = Δ(F(|w|)X(w)); Δ = log|d⁻¹|δ₁ + D − Σ_v D_v","F(ν)=O(ν^b) em 0 e O(ν^{−b}) em ∞, b>½ (como registrado por Connes; regularidade adicional de Weil não conferida)","com F(e^x)=g(x): Φ(½+iγ)=h(γ); ⟨D,F⟩=h(i/2)+h(−i/2); D_p = 2 log p Σ_m p^{−m/2} g(m log p) ⇒ termo primo −2ΣΛ(n)n^{−1/2}g(log n). Termo arquimediano não derivado",derivação escrita (11.3b §1.2)
E-LEF1-NUM,fórmula explícita,L-EF1,B,verificação numérica,results/etapa11_3b/check_explicit_formula.py/.json; data/processed/zeros_10k.csv (SHA-256 703218b4…),—,"forma §3.1: resíduo dentro do orçamento de erro estimado (E_ord, caudas de zeros e primos, quadratura) em 5 funções-teste gaussianas; constantes alternativas ficam fora","zeros usados críticos (verificação externa, citação PC); cauda desprezível; primos até 5000",checagem de consistência; orçamento não certificado (precisão declarada das ordenadas; cota de contagem PC em E_z2; quadratura estimada); não demonstra classe de funções-teste,classe B (revisão 11.3b-2)
E-C02,K3b / C02,C02,derivacao,derivação sobre fonte secundária,Connes arXiv:math/9811068v1,p. 69 eqs. 8–9; p. 78 eq. 4; p. 79 eq. 8; p. 72–73 Lema 2,Pfw∫_{ℚ_p*}F(|u|)|u|^{1/2}|1−u|^{-1}d*u = log p Σ_{m≥1} p^{−m/2}[F(p^m)+F(p^{−m})],F dependente só de |u|; caractere trivial; normalização de grupos modulados,camadas p^nℤ_p* com massa log p; |1−u|=1 para |u|<1 e =|u| para |u|>1; camada unitária anulada por Pfw (eq. 9),derivação escrita (11.3b §3)
E-NT,contagem,M3; L-EF2a,conferido-secundaria,fonte secundária com ressalva,Berry-Keating 1999 SIAM Rev. 41 (cópia arquivada),p. 239 eqs. 2.1–2.5 (conferido visualmente),"N(t)=θ(t)/π+1+N_fl(t), N_fl=(1/π)lim Im log ζ(½+it+ε); ⟨d⟩=(1/2π)log(t/2π)+O(1/t²)",texto: 'for the t_n (assumed real)',base da identidade de Stieltjes (11.3b §2.2a) e de d̄_rvm; versão incondicional (Titchmarsh cap. 9) PC,conferido-secundaria; incondicional PC
E-TAB-COMPL,dados,L-EF2a,B,verificação numérica,results/etapa11_3b/check_table_completeness.py/.json; data/processed/zeros_100k.csv (SHA-256 1af728cf…),—,"30 blocos m4: #tabela em [A,B] = N(B+1e-6) − N(A−1e-6) (mpmath.nzeros) e N(A−1e-6) = índice da tabela",nzeros em ponto flutuante (não certificado),"identifica a soma sobre todas as ordenadas com a soma da tabela, junto com criticidade/simplicidade (PC)",classe B
E-DENS-INT,instrumento,L-EF2a,B,estimativa numérica (não certificada),results/etapa11_3b/density_error_bound.py/.json,—,"|∫ f_t (θ′/π − d̄_rvm)| ≤ sup|Δ|·L/2 ≤ 8,6e-8 (30 blocos)",sup tomado nas bordas; Δ avaliado em mpmath sem controle rigoroso de erro nem da maximização,∫w = L/2; |e_t|=1,classe B (estimativa); cota certificada em E-DENS-CERT
E-LEF2B,instrumento,L-EF2b,derivacao,derivação,docs/ETAPA11_3B_FORMULA_EXPLICITA.md §2.2(b),—,F_w(t) = Σ_n (c(n)/2)e^{−ε²(log n)²/2}[e^{iE_c log n}W(t−log n)+e^{−iE_c log n}W(t+log n)] + R_ε + ∫f_tΔ + erro de ordenadas,"L-EF1 (classe de funções-teste PC); criticidade até H₀ (Platt–Trudgian, PC); cota de contagem N(T) ≤ T² (PC); tabela completa (B)","simetrização k_t com divisão por 2; restos R_zeros, R_suave, R_polos, R_longe com prefatores",derivação escrita; L-EF2c aberta
E-DENS-CERT,instrumento,L-EF2a,derivacao-certificada,cota analítica + aritmética intervalar,DLMF §5.11(ii) e eq. 5.11.2 (HTML arquivado dlmf_5.11.html); results/etapa11_3b/density_error_certified.py/.json,"DLMF 5.11(ii), parágrafo sobre restos de (5.11.1)–(5.11.2)","|θ′/π − d̄_rvm|(E) ≤ C/E², C ≤ 0,24953; ∫w|Δ| ≤ C(L/2)/A² ≤ 3,2e-6 (30 blocos)","cota de resto da DLMF para z complexo (sec^{2n+1}(½ph z) × primeiro termo desprezado), n = 1; ℜz = ¼ > 0","ln|z|−ln(E/2) ∈ [0,1/(8E²)]; ℜ(1/(2z)) ≤ 1/(2E²); |ℜR| ≤ (2√2/3)/E²; intervalos em mpmath.iv",certificado módulo DLMF; extremos exportados arredondados para cima (revisão 11.3b-6)
E-LEF1-ARCH,fórmula explícita,L-EF1 (termo arquimediano); H2,derivacao,derivação analítica sobre fontes arquivadas (Connes secundária a Weil; DLMF),"Connes arXiv:math/9811068v1 App. II; DLMF §5.9 (dlmf_5.9.html, SHA-256 778124f0…); docs/ETAPA11_3B_TERMO_ARQUIMEDIANO.md","Connes p. 68 eq. 3; p. 69 eqs. 4–5, 8, 10; p. 70 eq. 11 e Teorema 1; p. 73 eq. 31 (média de fibra); p. 78 eqs. 2–6. DLMF eq. 5.9.12. Eqs. 8–11, 31 e p. 78 conferidas visualmente","−D_∞(F) = −g(0) log π + (1/2π)∫h(r) Re ψ(1/4+ir/2) dr, com F(e^x)=g(x)","(G1) h par, ∫|h|(1+r²)<∞; (G2) g=(1/2π)∫h e^{−iru}; (G3) g∈L¹. Para aplicar o Teorema 1: (G4) g=O(e^{−b|x|}), b>½, e o que F5 exigir",fibra {±1} com massa ½ (p. 78); c=g(0)/2; ψ−cf₁⁻¹∈L¹; Frullani ∫(1−e^{−tx})e^{−2x}/x=log((t+2)/2); convergência dominada; D_∞=g(0)logπ−T[g]; Fubini com majorante C(1+r²) em DLMF 5.9.12 dá T[g]=(1/2π)∫h Re ψ,"derivação escrita; passos checados numericamente (B: P1 = Connes (31), P2, P3); aplicabilidade a 𝒢 depende de F5"
E-LEF1-ADM,fórmula explícita,L-EF1 (classe de funções-teste); L-EF2b,derivacao,derivação por aproximação sobre fonte secundária,Connes arXiv:math/9811068v1 App. II; DLMF 25.2.12 (dlmf_25.2.html); docs/ETAPA11_3B_ADMISSIBILIDADE.md,"Connes p. 68 eq. 2; p. 70–71 eqs. 12–21; p. 76–77 Lema 3 e eq. 58; p. 77–78 Teorema 6 (h ∈ 𝒮(C_k) com suporte compacto); DLMF 25.2.12 (produto sobre zeros; fonte Titchmarsh (2.12.6),(2.12.8))","forma de referência §3.1 vale, com soma sobre zeros absolutamente convergente, para g ∈ 𝒜: g par C^∞, e^{|x|/2}|g^{(j)}| ∈ L¹ (j≤4), |g| ≤ Ce^{−b|x|}, b>½","Teorema 6 + Lema 3 de Connes (conferidos visualmente p. 70–71, 76–78; pendência bibliográfica F5 = Weil original); Z1 derivado (E-Z1-COUNT); normalização de Haar/fibra (H2)","truncamento g_n = gχ(·/n) ∈ C_c^∞; convergência dominada termo a termo: primos (A2), polos (A1), arquimediano (H2 + A1), zeros (|h_n(t+iy)| ≤ M/(1+t²) uniforme por duas integrações por partes + Z1). Gaussianas e h_ε (ε>0) ∈ 𝒜; Hann sem suavização ∉ 𝒜","derivação escrita; pendências só bibliográficas (F5, J1)"
E-Z1-COUNT,contagem de zeros,Z1 (F8); uso de F3 em L-EF2b R_longe e E_z2,derivacao,derivação com constantes explícitas (aritmética intervalar),"DLMF §25.2 (dlmf_25.2.html, v1.2.7): eqs. 25.2.1, 25.2.10; fórmula de Jensen (teorema clássico, fonte não arquivada: J1); docs/ETAPA11_3B_Z1_CONTAGEM.md; results/etapa11_3b/zero_count_bound.py/.json",DLMF 25.2.1 e 25.2.10,"para T≥5: N(T+1)−N(T−1) ≤ 10,5 log(T+8); N(5) ≤ 31; N(T) ≤ 31 + 5,25 T log(T+9); N(T) ≤ T² para T≥7·10⁴; Σ_ρ 1/(1+t²) ≤ 101","nenhuma hipótese sobre os zeros (sem RH); Jensen com f=ζ (disco centro 2+iT, R=3, r=9/4) e f=(s−1)ζ (centro 2+2,5i, R=9/2, r=13/4)","|ζ(2+it)| ≥ 1/4; |B̃₃| ≤ √3/36; cota de |ζ| por 25.2.10 (n=1 e n=2); Jensen; cobertura por janelas de altura 2; soma diádica; certificado intervalar com cauda analítica k≥260 (≤ 2,07e-75) incluída; extremos exportados arredondados para fora (revisão 11.3b-6)",derivação escrita; pendência bibliográfica J1
E-H1-S3B,instrumento,H1 (S3b),derivacao,consequência da identidade suavizada,docs/ETAPA11_3B_H1_R5_ESTIMADOR.md §2.1; ETAPA11_3B_FORMULA_EXPLICITA §2.2(b),—,"|F*(t) − M_ε(t)| ≤ Kε² para 0<ε≤ε₀ (ε₀≤1/10), K=K(A,L,ε₀) independente de t∈I e ε; blocos fixos","F1 (criticidade até H₀); admissibilidade de h_ε ∈ 𝒜; cota de contagem derivada; F5, J1 bibliográficas; tabela completa (B) para F* = soma da tabela","identidade (b) com lado esquerdo independente de ε; zeros em vizinhança fixa V=[A−1,B+1] (contagem finita, cota (ε²/2)M₂*N_V); zeros fora de V por decaimento gaussiano com contagem local derivada; R_suave com sup|θ‴| finito via DLMF 5.9.12; polos e zeros distantes por sup ε^{-3}e^{-c/ε²}<∞","derivação condicional (F1; F5, J1 bibliográficas); constantes K_i não avaliadas; não implica S1, S3a, S3c"
E-R5,instrumento,"H1 (R5, S2)",derivacao,álgebra linear exata do estimador direcionado,docs/ETAPA11_3B_H1_R5_ESTIMADOR.md §3; src/riemann_spectra/arithmetic.py targeted_joint_fit (include_conjugate),—,"θ̂−θ*=M⁺ρ (estimador primário band_conjugate); S2-ratio (implementado, Re Ĉ_k/c_k) ⇔ |e_{x_k}ᵀM⁺ρ| ≤ τ|c_k|; S2-complexo (extensão) ⇔ |(e_{x_k}+ie_{y_k})ᵀM⁺ρ| ≤ τ|c_k|; C2 completo inclui elegibilidade (nulos), fração ≥0,95 e Q (fase via F na grade)",M de posto coluna completo; coeficientes teóricos reais,exatidão de M⁺ em im M; linearidade; decomposição por definição,formalizado; cálculo futuro por SVD/QR com posto/tolerância e U finito declarado
E-R5-CALC,instrumento,"H1 (R5, S2-ratio′)",B,cálculo finito em ponto flutuante sob declaração prévia,"results/etapa11_r5/DECLARACAO.md (SHA-256 e8d681cb…), r5_calculo.py, r5_resultados.json",—,"30 blocos: M 846×94 de posto completo, cond 1,001–1,025, ‖e_xᵀM⁺‖₁ 1,95e-3–3,54e-3; contaminação projetada máx 2,8e-6·|c_k| (linha 2^7), > τ=1e-6 em 14 blocos, estável em U∈[5,5;10]",sem dados de zeros; E_c e L de metrics.json; FWHM recalculada com código m4-v3,SVD truncada ao posto; contaminação ρ_lin(U) = Σ_{5<log n≤U} c(n)ℓ_n nos pontos de banda,classe B; ε^lin é parte de divisão artificial (ε^lin+ε^trunc independe de U); sem veredito sobre C2; cruzamento com elegibilidade não declarado
E-R5-CRUZ,instrumento,H1 (R5); relação com C2,B,cruzamento descritivo exploratório sob declaração prévia,"results/etapa11_r5/DECLARACAO_CRUZAMENTO.md (SHA-256 c8580015…), cruzamento.py, cruzamento_tabela.csv, cruzamento_resumo.json; arithmetic_matches.csv e metrics.json de m4 (leitura)",—,"elegíveis (461 pares): |e_lin| ≤ 1,0e-9, |e_rec| ≤ 2,6e-9, |d| ≤ 2,6e-9; não elegíveis (949): 20 pares com |e_lin| > τ (2^7, 137, 139; margens 0,09–0,65), com |e_rec| > τ e mesmo sinal, |d| ≤ 1,3e-8","estimador primário band_conjugate; U ∈ {5,5;6;7;8;10}; FWHM recalculada com código m4-v3","d(U)=e_rec−e_lin(U) é resíduo após subtração da contaminação calculada (inclui truncamento acima de U, ordenadas, densidade, numérico); sem teste de significância","exploratório; não altera C1–C3; não valida S2-ratio′; estabilidade só em U∈[5,5;10]"
E-QK,instrumento,H1 (Lema de Cauda Projetada; Rota A),derivacao,derivação analítica + conferência numérica de identidades (B),docs/ETAPA11_3B_H1_CAUDA_PROJETADA.md Parte II; src/riemann_spectra/periods.py (window_response),—,"W_Hann(ω) = −(L/2π) sin(πv)/(v(v²−1)); a_k·ℓ_n = δ_kn para n∈𝒦; Q_k(u) = Re{e^{iAu}Ψ_{k,A}(u) − e^{iBu}Ψ_{k,B}(u)} com |Ψ| ≤ (4π²/L²)‖a_k‖₁(u−t_max)^{-3} para U−t_max ≥ √2·2π/L (separação válida só na região da cauda; R tem polos em 0, ±1); cauda = somas de Chebyshev torcidas com τ∈{A,B}",estimador band_conjugate de posto completo; u ≥ U > t_max + 2π/L,"forma fechada via sinc(v±1); expansão 1/(v(v²−1)) = Σ v^{-(2m+1)}; E_c ∓ L/2 = A, B; conferências: forma fechada ≤1,1e-16·W0, δ_kn ≤2,8e-15, picos espectrais de Q_k perto de A e B (d01, linha 2^7)","derivação escrita; bordas registradas × ideais com desajuste η e fator regularizado (e^{iη log x}−1)/(iη); cota-alvo uniforme em ε e η formulada (§II.6), não demonstrada; B_main derivada (E-QK-MAIN); multiplicidade por pesos m_ρ, sem F2; soma sobre zeros depende de F11 e RH"
E-QK-MAIN,instrumento,H1 (Lema de Cauda Projetada: B_main),derivacao,derivação analítica (deslocamento de contorno),docs/ETAPA11_3B_H1_CAUDA_PROJETADA.md §II.7,—,"|∫_U^∞ e^{(1/2+iν)u}w_ε(u)Ψ_{k,ν}(u)du| ≤ 2|κ|‖a_k‖₁[4e^{U/2}/(ν(λ(U−t_max))³) + 2√(2π)(λν)^{-3}ε₀⁵e^{−(ν²−1/4)/(2ε₀²)}], uniforme em 0<ε≤ε₀; ordem de grandeza B_main/min|c_k| ≈ 4e-8 nas faixas m4 (≈25 vezes menor que τ_C2=1e-6; estimativa numérica)","U−t_max ≥ √2·2π/L; ν>½ (frequência de borda ν ∈ {A,B}); polos de Ψ reais e <U; estimador de posto completo","Cauchy no retângulo [U,X]×[0,τ/ε²]; |R(v)|≤2|v|^{-3} para |v|≥√2 complexo; vertical: e^{−τy+ε²y²/2}≤e^{−τy/2}; horizontal: completamento de quadrado dá e^{−(τ²−1/4)/(2ε²)}",derivação escrita; independente de RH e dos zeros; B_zeros e B_err abertos
E-QK-REP,instrumento,H1 (representação de S_ν − M_ν),proposta,formulação com esboços de cota,docs/ETAPA11_3B_H1_CAUDA_PROJETADA.md §II.8,—,"R-EF-χ: cauda suave projetada = −(1/π)Re[P_A − P_B], P_ν = lado primo da forma de referência com g_ν = χ w_ε Ψ_{k,ν} e^{iνu} ∈ 𝒜; sem truncamento em altura; componentes: polos, arquimediano, zeros (≤H₀ críticos por F1; >H₀ sob RH ou com dependência residual em ε)","identidade: só admissibilidade em 𝒜 (Connes Teorema 6, Lema 3; F5 e J1 bibliográficas), válida para cada ε>0 com todos os zeros (γ complexo incluído); F1/RH só nas estimativas uniformes","na forma de Stieltjes a contribuição de cada zero é integral oscilatória limitada (sem 1/η); duas integrações por partes dão min(1,η⁻²); contagem local derivada","representação fixada; majorante sem RH não controla ε pequeno (limite da majorante, não da contribuição real); B_lin,χ não monótona em U₂ salvo majorante absoluta"
E-QK-PRH,instrumento,H1 (Lema de Cauda Projetada; cauda suave sob RH),derivacao-condicional,proposição com constantes simbólicas,docs/ETAPA11_3B_H1_CAUDA_PROJETADA.md §II.9; DLMF 25.2.3 (ζ(½)<0),—,"P-RH: |a_k·Σ χ(log n)w_ε c(n)ℓ_n| ≤ (1/π)Σ_ν ½[Z_ν + 2Pol_ν + Arq], uniforme em 0<ε≤ε₀; L₀=C_Ψ/(2d₁²), L₂ explícito; |h_ν(γ)| ≤ min(L₀,L₂/(ν+γ)²)+min(L₀,L₂/(ν−γ)²)","RH; admissibilidade 𝒜 (F5, J1 bibliográficas); contagem local derivada; ν≥9; U₁−t_max≥√2·2π/L; família χ=ϕ((u−U₁)/Δ)","Lema 1 (|R′|≤12|v|⁻⁴, |R″|≤192|v|⁻⁵); Lema 2 (expansão de G″ termo a termo); Lema 3 (duas integrações por partes); Lema 4 (partição em janelas de altura 2, S₁≤3/2, S₂≤2√2); Lema 5 (polos via §II.7 a partir de U₂; arquimediano via K≤…e^{−U₁/2})",derivação condicional escrita; constantes não avaliadas; utilidade para τ_C2 é verificação posterior; H1 aberta
E-QK-PRH-FORCA,instrumento,H1 (utilidade quantitativa de P-RH),B,avaliação da cota sob declaração prévia,"results/etapa11_r5/DECLARACAO_PRH.md (SHA-256 7bc392fa…), prh_forca.py, prh_forca_tabela.csv, prh_forca_resumo.json",—,"c1≤2,000982, c2≤9,854620; mínimo sobre a grade (sempre d₁=8, Δ=1): B/|c_k| ≤ τ_C2 em 15/1410 pares (todos elegíveis, m4-v1); elegíveis: mediana 1,78e-6, máx 3,07e-6; todas: máx 2,6e-5","RH; F5, J1 bibliográficas; a_k em ponto flutuante (cond ≤ 1,025); grade declarada d₁∈{1,2,4,8}, Δ∈{0,5;1;2}, ε₀=0,1",fórmulas de §II.9 avaliadas em aritmética intervalar,"avaliação híbrida (‖a_k‖₁ em ponto flutuante, não certificada): 15/1410 pares com majorante calculada abaixo de 1e-6 (não 'certificados'); melhor valor na borda da grade, não ótimo; não é refutação"
E-QK-PRH2,instrumento,H1 (P-RH com Lema 5′),derivacao + B-hibrido,lema de polos por oscilação + reavaliação sob declaração prévia,"docs/ETAPA11_3B_H1_CAUDA_PROJETADA.md §II.11–§II.12; results/etapa11_r5/DECLARACAO_PRH2.md (SHA-256 21a2bff3…), prh2_forca.py, prh2_forca_tabela.csv, prh2_forca_resumo.json",—,"Lema 5′: |∫_{U₁}^{U₂}F e^{zu}| ≤ e^{U₂/2}[C_Ψ s₂⁻³/ν + (ε₀²U₂C_Ψs₂⁻³ + 6C_Ψs₂⁻⁴ + L₂)/ν²]; reavaliação: polos ≤ 2,5e-10·|c_k|; melhor valor da grade (8,2): elegíveis 361/461 com majorante < 1e-6 (máx 1,43e-6, mediana 8,2e-7); todas 559/1410","RH; F5, J1 bibliográficas; χ plana em U₁, χ(U₂)=1, χ′(U₂)=0; mesma grade e c₁, c₂","duas integrações por partes contra e^{zu}, |z|≥ν; ∫|F″|≤L₂","lema derivado; avaliação híbrida; não certifica S2-ratio′ (só cauda suave; passagem para o truncamento escolhido pendente); melhor valor no canto da grade, não ótimo; zeros dominam"
E-QK-TRUNC,instrumento,H1 (S2-ratio′: passagem cauda suave → truncamento abrupto),derivacao-condicional,identidade exata + limite ε→0,docs/ETAPA11_3B_H1_CAUDA_PROJETADA.md §II.13,—,"P-RH-trunc: |a_k·(F*−M_{≤U})| ≤ B^{RH′}_{χ,k} + |Θ_k(U)|, com Θ_k(U) = Σ_{U₁<log n≤U}χcQ_k − Σ_{U<log n<U₂}(1−χ)cQ_k (finita); proposta U=U₂",as de P-RH (RH; 𝒜 com F5 e J1 bibliográficas; contagem local); S3b para o resto; 0<ε→0,𝟙_{log n>U} = χ − 𝟙_{≤U}χ + 𝟙_{>U}(1−χ); lado esquerdo independente de ε; termos dependentes de ε → 0; B^{RH′} uniforme,derivado; Θ_k(U₂) não calculado (exige declaração); refinamento dos zeros adiado até o orçamento completo
E-QK-THETA,instrumento,H1 (S2-ratio′(U₂): termo de transição),B,cálculo em ponto flutuante sob declaração prévia,"docs/ETAPA11_3B_H1_CAUDA_PROJETADA.md §II.14; results/etapa11_r5/DECLARACAO_THETA.md (SHA-256 4b6959bb…), theta_calculo.py, theta_tabela.csv, theta_resumo.json",—,"Θ_k(U₂) em 12 cortes × 1410 pares: margem 10⁻⁶|c_k|−|Θ_k| > 0 em todos (B; descontar o erro estimado não acrescenta garantia); |Θ_k|/|c_k| ≤ 3,4e-9; S_abs/|c_k| ≤ 1,5e-8; |Θ_k|/B^{RH′} ≤ 4,8e-6; orçamento ≤ 1e-6: 361/461 elegíveis, 559/1410, só em (8,2), idêntico a §II.12",dupla precisão; M⁺ por SVD; W em forma fechada (conferida com window_response); δ=1e-9 declarado,"soma finita direta sobre potências de primo em (U₁,U₂]","calculado (B); erro estimado, não certificado; a regra subestimou a discrepância entre implementações (≤6,4e-16|c_k|), que é diagnóstico de estabilidade e não cota; ausência de cancelamento restrita à soma de transição; certificação exige ainda cotas rigorosas de normas por SVD e cálculos finitos; margem positiva não certifica S2-ratio′; orçamento > 1e-6 não refuta S2-ratio′; refinamento dos zeros não iniciado"
E-QK-ZDEC,instrumento,H1 (parcela dos zeros de B^{RH′}),derivacao + B-hibrido,decomposição sob declaração prévia + lema,"docs/ETAPA11_3B_H1_CAUDA_PROJETADA.md §II.15; results/etapa11_r5/DECLARACAO_ZDEC.md (SHA-256 34e51253…), zdec_calculo.py, zdec_tabela.csv, zdec_resumo.json",—,"Z_ν/2 = P0 (n(ν)L₀) + P1a (j=±1) + P1b (|j|≥2) + P2 + P3: L₂ domina (92–99,8%); P1a ~57–62%; próximos ~65%; P2+P3 < 3e-5; Lema 4′: mínimo com L₀ nas janelas j≠0 (J := min{j: (2j−1)² ≥ L₂/L₀})",as de P-RH e PRH2; mesmos parâmetros,"repartição exata da cota do Lema 4; Lema 3 com min(L₀, L₂/η²)","decomposição calculada (híbrida; frações da majorante, não das somas reais); conferência declarada (1e-9 rel.) não satisfeita por granularidade da exportação PRH2, conferência posterior absoluta ≤ 8e-12; Lema 4′ derivado, não avaliado; Lema C (contagem local por fórmula explícita sob RH) formulado, não derivado"
E-QK-PRH3,instrumento,H1 (S2-ratio′(U₂): P-RH com Lemas 4′ e 5′ + Θ_k),B-hibrido,avaliação sob declaração prévia,"docs/ETAPA11_3B_H1_CAUDA_PROJETADA.md §II.16; results/etapa11_r5/DECLARACAO_PRH3.md (SHA-256 f33773b9…), prh3_calculo.py, prh3_tabela.csv, prh3_resumo.json",—,"Z′/Z 0,07–0,45; orçamento″ = (B^{RH″}+|Θ_k(U₂)|)/|c_k| ≤ 1e-6 em 461/461 elegíveis nos três Δ com d₁=8; em (8,2) máx 6,42e-7, mediana 3,68e-7; todas 1180/1410; parcela dos zeros ≥ 0,99986 (mín. 0,9998686); conferências declaradas satisfeitas","RH; F5, J1 bibliográficas; mesma grade, cortes, blocos e linhas; ‖a_k‖₁ e Θ_k em ponto flutuante",Lema 4′ + Lema 5′ + Arq + Θ_k(U₂),"avaliado (híbrido); não certifica S2-ratio′ (faltam normas por SVD, Q_k e Θ_k rigorosos); alvo F* ideal com U=U₂; S1, S3a, S3c (alvos sobre F*) pendentes; passagem ao estimador registrado (ordenadas, densidade, código) é camada adicional pendente; melhor valor no canto da grade, não ótimo; H1 aberta"
E-QK-CERT,instrumento,"H1 (S2-ratio′(U₂), condição suficiente em (8,2)) — execução 1",certificacao-pendente-de-correcao-numerica,intervalos (numpy nextafter + mpmath.iv) sob declaração prévia,"docs/ETAPA11_3B_H1_CAUDA_PROJETADA.md §II.17; results/etapa11_r5/DECLARACAO_CERT.md (SHA-256 b7a7980c…), cert_calculo_exec1_pendente.py, cert_blocos_exec1_pendente.csv, cert_tabela_exec1_pendente.csv, cert_resumo_exec1_pendente.json",—,"(execução 1; NÃO certificada: falhas de enclausuramento — conversões mpf de extremos em ck_inf e mn, ramo |v|≈1 de W_iv disjunto, decisão por conversão comum) para M^math: posto 94 certificado (ρ ≤ 8,62e-13); (B^{RH″}+S^abs)/|c_k| ≤ 1e-6 certificado em 461/461 elegíveis (máx 6,45224355e-7) e 1178/1410 pares; corte (8,2) escolhido após avaliação exploratória","RH; 𝒜 com F5 e J1 bibliográficas; contagem local (Jensen); S3b; base de confiança: IEEE-754 binary64, mpmath.iv, inteiros exatos, crivo conferido",P-RH-trunc + Lemas 4′ e 5′ + cota de |Q_k| por (L/8π)Σ|P| em células com derivada (Lema 1),pendente de correção numérica (auditoria 11.3b-23); resultados não válidos como certificado; ver E-QK-CERT2
E-QK-CERT2,instrumento,"H1 (S2-ratio′(U₂), condição suficiente em (8,2)) — execução 2",certificacao-computacional-condicional,"intervalos (numpy nextafter + mpmath.iv, extremos exatos por Fraction) sob declaração e adendo 1","docs/ETAPA11_3B_H1_CAUDA_PROJETADA.md §II.18; results/etapa11_r5/DECLARACAO_CERT.md (b7a7980c…), DECLARACAO_CERT_CORRECAO1.md (0a693179…), cert_calculo.py (cad037a7…), cert_testes.py, cert_testes_resultado.json, cert_blocos.csv, cert_tabela.csv, cert_resumo.json",—,"testes T1–T6 aprovados (sensíveis às falhas da execução 1); para M^math: posto 94 (ρ ≤ 8,612e-13); (B^{RH″}+S^abs)/|c_k| ≤ 1e-6 certificado em 461/461 elegíveis (máx 6,45224355e-7) e 1178/1410; 0 mudanças frente à execução 1; corte escolhido após avaliação exploratória","RH; 𝒜 com F5 e J1 bibliográficas; contagem local (Jensen); S3b; base de confiança: IEEE-754 binary64, mpmath.iv, inteiros exatos, crivo conferido",P-RH-trunc + Lemas 4′ e 5′ + cota de |Q_k| por (L/8π)Σ|P| com derivada (Lema 1),"substituída pela execução 3 (lacunas: vmn**4, sup_str não verificada, math.sqrt, math.pi, finitude); ver E-QK-CERT3"
E-QK-CERT3,instrumento,"H1 (S2-ratio′(U₂), condição suficiente em (8,2)) — execução 3",certificacao-computacional-condicional,"intervalos (numpy +,−,×,÷ com nextafter e finitude verificada; mpmath.iv; extremos exatos; exportações conferidas por Fraction) sob declaração e adendos 1–2","docs/ETAPA11_3B_H1_CAUDA_PROJETADA.md §II.19; results/etapa11_r5/DECLARACAO_CERT.md (b7a7980c…), DECLARACAO_CERT_CORRECAO1.md (0a693179…), DECLARACAO_CERT_CORRECAO2.md (75eee940…), cert_calculo.py (ca87480a…), cert_testes.py, cert_testes_resultado.json, cert_blocos.csv, cert_tabela.csv, cert_resumo.json",—,"testes T1–T8 aprovados; para M^math: posto 94 (ρ ≤ 8,612e-13); (B^{RH″}+S^abs)/|c_k| ≤ 1e-6 certificado em 461/461 elegíveis (máx 6,45224355e-7) e 1178/1410; corte escolhido após avaliação exploratória","RH; 𝒜 com F5 e J1 bibliográficas; contagem local (Jensen); S3b; base: IEEE-754 binary64 (H-a)–(H-c), mpmath.iv, inteiros exatos, crivo conferido, lema de somação §II.19.2; c₁^sup, c₂^sup herdados",P-RH-trunc + Lemas 4′ e 5′ + cota de |Q_k| por (L/8π)Σ|P| com derivada (Lema 1),"substituída pela execução 4 (eliminação da dependência herdada de c₁^sup, c₂^sup); ver E-QK-CERT4"
E-QK-CERT4,instrumento,"H1 (S2-ratio′(U₂), condição suficiente em (8,2)) — execução 4",certificacao-computacional-condicional,"intervalos (numpy +,−,×,÷ com nextafter e finitude; mpmath.iv; extremos exatos; exportações conferidas; c₁, c₂ recalculados internamente) sob declaração e adendos 1–3","docs/ETAPA11_3B_H1_CAUDA_PROJETADA.md §II.20; results/etapa11_r5/DECLARACAO_CERT.md (b7a7980c…), adendos CORRECAO1 (0a693179…), CORRECAO2 (75eee940…), RECONF_C1C2 (a8253e9c…); cert_calculo.py (95bec528…), cert_testes.py (2f69e972…), cert_testes_resultado.json, cert_blocos.csv, cert_tabela.csv, cert_resumo.json; MANIFESTO_CERT.csv (56d6c6cf…)",—,"testes T1–T9 aprovados; c₁^sup = 2,000980240144558…, c₂^sup = 9,854618337692911… (frações exatas no resumo); posto 94 (ρ ≤ 8,612e-13); (B^{RH″}+S^abs)/|c_k| ≤ 1e-6 certificado em 461/461 elegíveis (máx 6,45224274e-7) e 1178/1410; sem dependência de strings herdadas","RH; 𝒜 com F5 e J1 bibliográficas; contagem local (Jensen); S3b; base: IEEE-754 binary64 (H-a)–(H-c), mpmath.iv, inteiros exatos, crivo conferido, lema de somação §II.19.2","P-RH-trunc + Lemas 4′ e 5′ + cota de |Q_k| por (L/8π)Σ|P| com derivada (Lema 1); c₁, c₂ por malha intervalar com cobertura exata e pontas analíticas","vigente e congelada; certificado computacional condicional a RH; auditoria integral independente pendente; não prova RH; não certifica C2; não trata S1, S3a, S3c nem passagem ao estimador registrado; H1 aberta"
E-QK-CONTAM,instrumento,"H1 (S2-ratio no observável ideal, contra o catálogo 𝒦, sem corte em U₂)",certificacao-computacional-condicional,intervalos (primitivas de cert_calculo.py importadas; regime I ponto a ponto por W_iv; regime II por células com Lema 1; frações exatas) sob declaração prévia,"docs/ETAPA11_3B_H1_CAUDA_PROJETADA.md §II.21; results/etapa11_r5/DECLARACAO_CERT_CONTAMINACAO.md (1d46bced…), cert_contaminacao.py (4baff933…), cert_contaminacao_testes.py (43e941fe…), cert_contaminacao_testes_resultado.json (13e8a417…), cert_contaminacao_blocos.csv (be3daaa6…), cert_contaminacao_tabela.csv (31abb5a4…), cert_contaminacao_resumo.json (c44f730e…); MANIFESTO_CERT.csv",—,"|a_k·(F*−M_𝒦)| ≤ B^{RH″} + Sabs(exec4, sem peso χ) + P_k(5,6] + C_k(6,13]; testes T1–T15 aprovados (correção do T11 registrada); parada bit a bit limpa nos 30 blocos; certificado em 461/461 elegíveis (máx 6,6090905e-7; acréscimo (P+C)/|c_k| ≤ 2,20e-8; C_k > P_k nos elegíveis) e 1093/1410 pares; 85 não elegíveis perdidos frente à execução 4 (66 em p = 131, 137, 139)","RH; 𝒜 com F5 e J1 bibliográficas; S3b; contagem local (Jensen); base de confiança da execução 4 (IEEE-754 binary64, mpmath.iv, inteiros exatos, crivo conferido, lema de somação §II.19.2); valores B_rel_sup e Sabs_rel_sup lidos da execução 4","identidade exata com partição χ e limite ε→0; dominação de (13,15) por Sabs sem peso; somas de módulos em (5,13]","certificado computacional condicional a RH, para M^math, corte (8,2) escolhido após avaliação exploratória; não é C2 registrado (elegibilidade, agregação, fase Q); camada do estimador registrado (ρ_Δ herdada, ρ_ord condicional a F7, ρ_num) pendente; S1, S3a, S3c abertos; H1 aberta; auditoria integral independente pendente"
E-QK-DENS,instrumento,"H1 (S2-ratio com densidade rvm: F^rvm = F* + ρ_Δ, contra o catálogo 𝒦)",certificacao-computacional-condicional,"derivação analítica (DLMF 5.11.2, §5.11(ii), 25.10.2) + frações exatas sob declaração prévia","docs/ETAPA11_3B_H1_CAUDA_PROJETADA.md §II.22; results/etapa11_r5/DECLARACAO_CERT_DENSIDADE.md (6a69c0d7…), cert_densidade.py (598871cf…), cert_densidade_testes.py (2c583bbb…), cert_densidade_testes_resultado.json (dd01ccb0…), cert_densidade_blocos.csv (193f996e…), cert_densidade_tabela.csv (294ad352…), cert_densidade_resumo.json (b436cc1a…); MANIFESTO_CERT.csv",—,"|Δ(E)| ≤ C/E², C = (1/8+1/2+2√2/3)/(2π), C^sup = 0,249524558791954…; sup_t|ρ_Δ| ≤ D = C·(L/2)/A*², A* = E_c − L/2; |a_k·ρ_Δ| ≤ ‖a_k‖₁^sup·D; testes T1–T21 aprovados (T17: |Δ|E²/C ≤ 0,0266 em 2.020 pontos); certificado em 461/461 elegíveis (máx total^Δ 6,62126197e-7; |a_k·ρ_Δ|/|c_k| ≤ 5,04e-8) e 1089/1410 pares (4 não elegíveis perdidos na margem)","parcela ρ_Δ sem RH; total sob RH (B^{RH″}); 𝒜 com F5 e J1 bibliográficas; base de confiança da execução 4 e da contaminação; janela [A*, B*] definida por E_c e L = fl(B−A) (≠ [A,B] por ≤ 7,3e-12 em 15 blocos)","Stirling com resto de Binet para ψ; Hann w ≤ 1, ∫w = L/2; projeção ℓ1 × sup","certificado computacional condicional a RH, para M^math, corte (8,2) escolhido após avaliação exploratória; dependência herdada density_error_certified.py eliminada; ρ_ord (F7), ρ_num e C2 registrado pendentes; S1, S3a, S3c abertos; H1 aberta; auditoria integral independente pendente"
E-QK-ORD,instrumento,"H1 (S2-ratio com ordenadas tabuladas: F^tab, contra o catálogo 𝒦)",certificacao-computacional-condicional,"expansão lipschitziana em torno dos decimais tabulados + intervalos (mpmath.iv por par zero×nó) + frações exatas, sob declaração prévia","docs/ETAPA11_3B_H1_CAUDA_PROJETADA.md §II.23; results/etapa11_r5/DECLARACAO_CERT_ORDENADAS.md (a3382442…), cert_ordenadas.py (884de087…), cert_ordenadas_testes.py (ca1365f1…), cert_ordenadas_testes_resultado.json (d68d8f1f…, rodada 2), cert_ordenadas_testes_resultado_rodada1.json (f9245a4a…), cert_ordenadas_blocos.csv (2019550f…), cert_ordenadas_tabela.csv (c97f2c1c…), cert_ordenadas_resumo.json (b50e7f5a…); MANIFESTO_CERT.csv (3eb6b49e…)",—,"|a_k·ρ_ord| ≤ 3e-9·Σ_{n∈I}|g_k(γ_n^tab)| + ‖a_k‖₁(|I|·½(3e-9)²S₂ + borda); certificado em 461/461 elegíveis (máx total^γ 7,31323657e-7; linear ≤ 1,25e-7, mediana 7,5e-8; consumo de margem ≤ 31,4%) e 1024/1410 pares; parada bit a bit limpa; testes: rodada 1 falhou (3 critérios de teste), rodada 2 aprovada após correções autorizadas","RH; F5, J1 bibliográficas; H-tab (precisão 3e-9 com multiplicidade, índice↔posto; NÃO certificada; validação amostral B ≤ 2,5e-9); base de confiança das etapas anteriores","Lipschitz de f̃′ (f̃ C¹, f″ com salto nas bordas); pior caso sobre sinais de δ_n; contagem Z1 nas bordas","certificado computacional condicional a RH e H-tab, para M^math, corte (8,2) escolhido após avaliação exploratória; critérios de teste revistos após a rodada 1 (registrado); ρ_num e C2 registrado pendentes; S1, S3a, S3c abertos; H1 aberta; auditoria integral independente pendente"
E-QK-NUM,instrumento,H1 (camada numérica: valor registrado fit_ratio_to_theory × estimador matemático sobre F^tab),certificacao-computacional (N incondicional; T condicional),"enclausuramento direto de X_k = a_k·F^tab (pares zero×nó em mpmath.iv; termo suave por expansão de ln E e momentos fechados) + frações exatas, sob declaração prévia","docs/ETAPA11_3B_H1_CAUDA_PROJETADA.md §II.24; results/etapa11_r5/DECLARACAO_CERT_NUMERICO.md (a120c1e2…), cert_numerico.py (98e08195…), cert_numerico_testes.py (fd3c5599…), cert_numerico_testes_resultado.json (e32ff2f4…), cert_numerico_blocos.csv (45629bd8…), cert_numerico_tabela.csv (300d41bc…), cert_numerico_resumo.json (986a9859…); MANIFESTO_CERT.csv (2a2cd3bd…)",—,"(N): ε_k^sup = sup|r̂_k − X_k/c_k| ≤ 6,27e-11 nos elegíveis, ≤ 4,10e-10 em todos; X_k/c_k − 1 medido em intervalo (elegíveis entre −2,2e-9 e 2,6e-9). (T): ε_k^sup + total^γ_k ≤ 1e-6 em 461/461 elegíveis (máx 7,3136e-7) e 1024/1410 pares (mesmo conjunto de §II.23); alarme de consistência 0 (maior razão 0,609); parada bit a bit limpa; testes T1–T34 aprovados (desvio do T30 registrado)","(N): base de confiança (IEEE-754 binary64, mpmath.iv, lema de somação), sem RH e sem H-tab; (T): RH, F5 e J1 bibliográficas, H-tab (não certificada)",a_k·M_𝒦 = c_k (posto certificado); resto de Taylor de ln(1+y); recorrência por partes dos momentos; desigualdade triangular,"(N) afirma fidelidade sobre dados tabulados, nada sobre zeros verdadeiros; (T) condicional; corte (8,2) escolhido após avaliação exploratória; C2 inteiro (elegibilidade, fração, fase Q), S1, S3a, S3c abertos; H1 aberta; auditoria integral independente pendente"
E-K3a-N-ZEROS,K3a,N1–N4,C,fonte primária (verificação computacional publicada),"van de Lune, te Riele & Winter, Math. Comp. 46 (1986) 667–681 (cópia CWI, SHA-256 3c48d6e7…); Platt & Trudgian, arXiv:2004.09765v1 (SHA-256 3362f66a…)",van de Lune et al. p. 667 (resumo e §1); Platt–Trudgian p. 2 (Teorema 1),"Os primeiros 1.500.000.001 zeros na faixa crítica, com 0 < t < 545.439.823,215, têm parte real 1/2 e são simples (van de Lune et al.). RH vale até altura 3 000 175 332 800 (Platt–Trudgian)",enunciados dos autores sobre suas computações (métodos não reexaminados neste projeto); correspondência índice da tabela ↔ zero não coberta (H-tab; F7 parcial),"γ_{100.000} ≤ 74.920,83 < 545.439.823,215: os zeros 1–100.000 estão entre os verificados, logo são críticos e simples. Com m_ρ = 1 < (1+δ)/2 para todo δ > 1, o Teorema 1 de Connes (E-K3a-M2) dá Sp D_χ ∩ (0, 74.920,83] igual a essas ordenadas. Documenta a condição de C em N1–N4; não torna o teste discriminante",conferido
E-K8-M1,K8,M1,V,fonte primária,"Wu & Sprung, Phys. Rev. E 48 (1993) 2595–2598 (SHA-256 7ccb97d2…)","p. 2596, eqs. (9)–(11); imagem da página conferida","V₀ é fixado para ajustar o primeiro zero (14,134725); V(x) é obtido minimizando F = Σ_n(e_n − E_n)² sobre os primeiros N zeros E_n (calculados numericamente), com δF/δV(x) = 2Σ_n(e_n − E_n)φ_n²(x); ajuste até N = 500, desvio médio < 4·10⁻⁶","potencial local 1D com simetria de reflexão, 2m/ħ² = 1, discretização de Numerov (8.392 pontos, passo 0,005)","M1 exige operador definido sem usar os zeros. Nesta construção V é função dos E_n por mínimos quadrados, logo M1 é violado para o potencial de Wu–Sprung. Não se estende a outros potenciais 1D definidos independentemente",conferido
E-K2a-M1,K2a,M1,P,fonte primária,"Berry & Keating, J. Phys. A: Math. Theor. 44 (2011) 285203 (SHA-256 ed80fdfc…)","p. 5, eq. (2.22) e parágrafo seguinte","Condição de contorno ∂ₓχ(0)/χ(0) = e^{iα}/η, ""derived as the condition for hermiticity"" e ""first guessed from numerical explorations""; ""Each choice of α corresponds to a different self-adjoint extension of the formal operator""; a condição vale ""only for states decaying as x → ∞""",hamiltoniano simetrizado (x + 1/x)(p + 1/p) no semieixo x > 0; equação integral (2.15),"M1 exige auto-adjunticidade demonstrada (igualdade dos domínios do operador e do adjunto). O texto deriva uma condição de hermiticidade sobre estados que decaem e afirma a correspondência com extensões auto-adjuntas, sem prova de domínio. O operador não usa os zeros. Logo P, não S",conferido
E-K2a-M3,K2a,M3; N1,P,fonte primária,"Berry & Keating, J. Phys. A: Math. Theor. 44 (2011) 285203 (SHA-256 ed80fdfc…)","pp. 12–13, eqs. (5.1)–(5.7) e §6","Com E = t/2π e η = 1/2π (eq. 5.3), a densidade dos autovalores (α = 0) é (1/2π)log(t/2π) + (8π/t²)(log(t/2π) − 1) + ⋯ (5.4), contra (1/2π)log(t/2π) − 1/(48πt²) + ⋯ para os zeros (5.1); ""the first correction terms are discrepant and indeed have opposite signs""; nas contagens ""the first two terms agree"": N_Rsm = (t/2π)(log(t/2π) − 1) + 7/8 + ⋯ (5.6) contra N = (t/2π)(log(t/2π) − 1) − (8π/t)log(t/2π) + ⋯ (5.7). §6: ""we are not claiming that our hamiltonian has an immediate connection with the Riemann zeta function""",α = 0 (espectro simétrico sem autovalor em E = 0); identificação de escala fixada para casar o termo dominante. Observação: (5.1) está impressa com arg Γ(½ + it); a forma padrão de θ usa Γ(¼ + it/2),"M3 exige N(E) = θ(E)/π + 1 + S(E) completa. Só os dois primeiros termos da contagem média coincidem; o termo 7/8 falta e as flutuações não são tratadas. P em M3 e em N1 (compatibilidade de densidade média só assintótica, sem avaliação na faixa)",conferido
E-K4-TEOR1,K4,M1; M2; M3; M6; N1–N4,C,fonte primária (preprint),"Lagarias, Hilbert Spaces of Entire Functions and Dirichlet L-Functions, preprint de 2006 (SHA-256 5e0cef3b…); publicado em Frontiers in Number Theory, Physics, and Geometry I, 365–377 (versão publicada não comparada)",p. 7 (extensões auto-adjuntas de M_z) e p. 9 (Teorema 1); imagens das páginas conferidas,"Teorema 1: para χ primitivo, E_χ(z) = A_χ(z) − iB_χ(z), A_χ(z) = ξ_χ(½ − iz), B_χ(z) = iξ′_χ(½ − iz); (i) E_χ é função de de Branges se e só se RH vale para L(s, χ); (ii) E_χ é função de de Branges estrita se e só se RH vale e todos os zeros não triviais são simples. p. 7: a extensão auto-adjunta M_z(A) tem espectro puramente discreto e simples nos zeros de A(z) de multiplicidade maior que a de B(z) no mesmo ponto","RH para L(s, χ) (global); para o caso estrito, também simplicidade de todos os zeros; hipóteses de regularidade do caso ""denso"" e contínuo declaradas pelo autor (p. 5)","A construção só existe como espaço de de Branges sob RH, e parte de ξ_χ (não é definida independentemente de ζ). Sob RH, o espectro de M_z(A) está nas ordenadas dos zeros, com multiplicidade espectral 1. Logo M1, M2, M3, M6 e N1–N4 são condicionais (C): RH, e para M6 também simplicidade. Confere o enunciado que antes vinha só do resumo",conferido
E-K9-M1,K9,M1,S,fonte primária,"Hörmander, The spectral function of an elliptic operator, Acta Math. 121 (1968) 193–218 (SHA-256 a633994c…)",p. 193 (introdução) e p. 205 (§3),"p. 193: P elíptico, coeficientes C^∞, formalmente positivo, (Pu,u) ≥ c(u,u), é simétrico em C₀^∞ e tem ao menos uma extensão auto-adjunta com cota inferior positiva (Friedrichs). p. 205: numa variedade compacta, o fecho de um ΨDO elíptico de ordem 1, formalmente auto-adjunto e semilimitado, com domínio C^∞, é auto-adjunto semilimitado com domínio H(1)","variedade C^∞ com densidade positiva; P elíptico formalmente positivo (ou ΨDO de ordem 1 semilimitado na variedade compacta); ordem m tratada via P^{1/m}, ΨDO clássico (p. 195)","A classe K9 é definida por operadores deste tipo, sem usar os zeros; a auto-adjunticidade vem do teorema citado. S como hipótese da classe, com página",conferido
E-K9-M3,K9,M3,V,derivação sobre fonte,"Hörmander, The spectral function of an elliptic operator, Acta Math. 121 (1968) 193–218 (SHA-256 a633994c…); plano §2.1 (M3)","Teorema 4.4, eq. (4.10), p. 212; Teorema 5.1, eq. (5.3), p. 215","Uniformemente na variedade compacta Ω de dimensão n: |e(x,x,λ) − (2π)^{−n}∫_{p(x,ξ)<λ}dξ| ≤ C(1+|λ|)^{(n−1)/m} (5.3), com e o núcleo da resolução espectral; análogo com expoente n−1 para ΨDO de ordem 1 (4.10)","Ω compacta sem bordo; P elíptico positivo de ordem m com símbolo principal p homogêneo de grau m; identificação afim γ_j = aλ_j + b (a > 0) entre autovalores e ordenadas, ou via A = P^{1/m}","N(λ) = Tr E_λ = ∫_Ω e(x,x,λ)dx = cλ^{n/m} + O(λ^{(n−1)/m}), com c = (2π)^{−n}∫_Ω vol{ξ: p(x,ξ) < 1}dx ∈ (0, ∞) (p homogêneo positivo). Sob γ = aλ + b, #{γ_j ≤ E} ~ c·a^{−n/m}E^{n/m}; a contagem de Riemann–von Mangoldt é N_ζ(E) ~ (E/2π)log E. Para n/m ≠ 1 a razão tende a 0 ou ∞; para n/m = 1 ela é ~ 2πc/(a log E) → 0. Com A = P^{1/m}, N_A(μ) ~ cμ^n, mesma conclusão. ESCOPO: incompatibilidade assintótica global sob identificações afins; NÃO estabelece violação de tolerâncias numa faixa finita de alturas (N1 continua PC)",derivação escrita
E-K9-M2,K9,M2,V,derivação,E-K9-M3,—,Espectro ≠ zeros sob identificação afim,idem,"M2 implica M3 (plano §2.1); M3 violado assintoticamente ⇒ M2 violado. ESCOPO: global, identificações afins",derivação escrita
E-K7-M3,K7,M3,V,derivação sobre fonte,"Bäcker, arXiv:nlin/0204061v1 (SHA-256 no manifesto); plano §2.1 (M3)","PDF p. 22, eqs. (48)–(49)","Para bilhares bidimensionais, N̄(E) = (A/4π)E − (L/4π)√E + C + ⋯, com A a área, L = L₋ − L₊ (comprimentos de fronteira de Dirichlet e Neumann) e C com correções de curvatura e cantos (fórmula de Weyl generalizada, citada pela revisão como [39])",domínio plano limitado; condições de Dirichlet/Neumann; identificação afim γ_j = aE_j + b (a > 0) entre níveis e ordenadas; E → ∞; fonte secundária,"Sob γ = aE + b, #{γ_j ≤ E} ~ (A/4πa)E, enquanto N_ζ(E) ~ (E/2π)log E: a razão ~ A/(2a log E) → 0. Com a identificação γ = √E (momento), #{γ_j ≤ E} ~ (A/4π)E², mesma conclusão. ESCOPO: incompatibilidade assintótica global sob identificações afins; NÃO estabelece violação de tolerâncias numa faixa finita de alturas (N1 continua PC)",derivação escrita
E-K7-M2,K7,M2,V,derivação,E-K7-M3,—,Espectro ≠ zeros sob identificação afim,idem,"M2 implica M3 (plano §2.1); M3 violado assintoticamente ⇒ M2 violado. ESCOPO: global, identificações afins",derivação escrita
E-T5-BGS,K7,N4 (T5),C,fonte secundária com DOI,"Ullmo, Bohigas-Giannoni-Schmit conjecture, Scholarpedia 11(9):31721 (2016), doi:10.4249/scholarpedia.31721, revisão #169195 (HTML arquivado)",introdução,"Enunciado original (Bohigas, Giannoni & Schmit 1984) citado: ""Spectra of time reversal-invariant systems whose classical analogues are K systems show the same fluctuation properties as predicted by GOE""; ""still not proven""; a versão com GUE aparece entre as ""natural extensions""",sistema com reversão temporal e análogo clássico K-sistema; conjectura (não teorema),"N4 para K7 é condicional a uma conjectura (C). Para bilhares com reversão temporal a comparação correta é com GOE, não GUE",conferido
E-T6-ARIT,K5a,N4 (T6),P,fonte secundária + derivação semiclássica,"Bogomolny, Quantum and Arithmetical Chaos, HAL-00000984v1 (SHA-256 ab4531e6…); Bogomolny, Leyvraz & Schmit, arXiv:chao-dyn/9509019v1 (publicado: CMP 176 (1996) 577–617)",Bogomolny: resumo (PDF p. 3) e Cap. 3 (PDF p. 68); BLS: resumo e §2,"Superfícies geradas por grupos aritméticos têm estatística de níveis próxima de Poisson (observação numérica no triângulo modular, refs. [3], [52] das notas); mecanismo: degenerescência exponencial dos comprimentos de órbitas periódicas; BLS: correlação de dois pontos no domínio modular com comportamento Poisson para pequenas separações e oscilações aritméticas","grupos aritméticos; derivações semiclássicas e numéricas, não teoremas; notas declaradamente não formais","Sustenta P (heurístico/numérico) para a estatística não universal de superfícies aritméticas. Não sustenta S/V. Para superfície compacta não aritmética, T6 não se aplica (ver também Bogomolny & Schmit, nlin/0312057, sobre multiplicidades em grupos não aritméticos)",conferido
E-K5b-M1,K5b,M1,S,fonte secundária (notas de palestra),"Iwaniec, Spectral theory of automorphic forms and analytic number theory, notas manuscritas IAS/AMS 2001 (manifesto)",p. 6 (imagem conferida),"""The Laplace operator Δ_k is self-adjoint, and it has purely point spectrum in 𝒞_k(Γ) ⊕ ℛ_k(Γ)""; no complemento ortogonal, espectro puramente contínuo que cobre ¼ ≤ λ < ∞ com multiplicidade igual ao número de cúspides singulares","Γ ⊂ SL₂(ℝ) cofinito, peso k, multiplicador; caso K5b: Γ = PSL(2,ℤ), k = 0, multiplicador trivial","Operador definido geometricamente, sem usar os zeros; auto-adjunticidade com página em fonte secundária. Análise: docs/ETAPA11_K5B_ANALISE.md §1",conferido
E-K5b-M2,K5b,M2,V,elementar sobre fonte,E-K5b-M1; docs/ETAPA11_K5B_ANALISE.md §2,Iwaniec p. 6,"O espectro de −Δ em L²(PSL(2,ℤ)\ℍ) contém o intervalo [¼, ∞) (espectro contínuo)",operador em todo L²(Γ\ℍ); identificação afim γ = aλ + b (a ≠ 0) ou pelo parâmetro espectral λ = ¼ + t²,"Um intervalo não é enumerável; o conjunto das ordenadas dos zeros é enumerável e sem pontos de acumulação finitos. Nenhuma identificação afim leva um no outro, logo o espectro ≠ ordenadas (com ou sem multiplicidades). ESCOPO: não se aplica à restrição ao subespaço cuspidal, que é outro modelo",derivação escrita
E-K5b-M3,K5b,M3,V,derivação sobre fonte,"Iwaniec, Spectral theory of automorphic forms and analytic number theory, notas manuscritas IAS/AMS 2001 (manifesto); plano §2.1 (M3)",p. 9 (imagem conferida),"N_Γ(T) + M_Γ(T) = (vol(Γ\ℍ)/4π)T² − (k/π)T log T + c_Γ T + O(T/log T), com N_Γ(T) = #{j: |t_j| ≤ T} e M_Γ(T) = (1/4π)∫_{−T}^{T} −(φ′/φ)(½+it)dt; para grupos de congruência M_Γ(T) ≪ T log T e N_Γ(T) ~ (vol/4π)T²","PSL(2,ℤ) é grupo de congruência; identificação afim t_j ↔ γ_j ou λ_j ↔ γ_j; T → ∞; fonte secundária","Com t_j ↔ γ_j, #{γ_j ≤ E} ~ cE², razão com N_ζ(E) ~ (E/2π)log E → ∞; com λ_j = ¼ + t_j² ↔ γ_j, #{λ_j ≤ E} ~ (vol/4π)E, razão → 0. ESCOPO: incompatibilidade assintótica global sob identificações afins; NÃO estabelece violação de tolerâncias numa faixa finita. Análise: docs/ETAPA11_K5B_ANALISE.md §3",derivação escrita
E-K5b-M4,K5b,M4,P,fonte secundária + derivação parcial,"Iwaniec, Spectral theory of automorphic forms and analytic number theory, notas manuscritas IAS/AMS 2001 (manifesto); Garrett, Modern analysis of automorphic forms by examples (versão on-line 31/10/2018); Bogomolny, Leyvraz & Schmit, arXiv:chao-dyn/9509019",Iwaniec p. 8; Garrett [1.9.4] (PDF p. 33) e Obs. 11.1.5 (PDF p. 315); BLS §2,Fórmula de traço: Σ_j h(t_j) + (1/4π)∫h(t)(−φ′/φ)(½+it)dt = (vol/4π)∫h(t) t tanh(πt)dt + Σ_P g(log NP)(NP^{1/2} − NP^{−1/2})^{−1} log NP₀ + ⋯ (demais termos abreviados); termo constante de E_s: η^s + c_s η^{1−s} com c_s = ξ(2s−1)/ξ(2s),"k = 0, multiplicador trivial; constantes do termo de espalhamento não fixadas; termos elípticos e parabólicos não escritos na fonte","(1) Elemento hiperbólico com traço inteiro n ≥ 3 tem NP = ((n+√(n²−4))/2)²; (n−1)² < n²−4 < n², logo NP é irracional e log NP ≠ log m para todo inteiro m. (2) φ′/φ(s) = 2ξ′/ξ(2s−1) − 2ξ′/ξ(2s); em s = ½+it, via equação funcional e ζ′/ζ(w) = −ΣΛ(n)n^{−w}, surgem somas ΣΛ(n)n^{−1}n^{±2it}: massas em ±2 log n com peso ∝ Λ(n)/n; polos de φ em s = ρ/2 (zeros de ζ como ressonâncias). Estrutura diferente da fórmula explícita, mas igualdade como distribuições nem demonstrada nem refutada: P. Análise: docs/ETAPA11_K5B_ANALISE.md §4",conferido
E-K5-M4-SINAL,K5a,M4,V,derivação sobre fontes,"Marklof, arXiv:math/0407288v2, Teorema 4 (eq. 182) e hipóteses (H1)-(H3*); forma de referência da fórmula explícita (ETAPA11_3B_ADMISSIBILIDADE §2; ETAPA11_3B_TERMO_ARQUIMEDIANO §§4-6; Connes Teor. 6 e Lema 3); Montgomery-Vaughan, Teorema 12.13, p. 410",Marklof pp. 25 e 12; docs/ETAPA11_PENDENCIAS_DERIVACAO.md §§1-3,"(W): Σ_ρ m_ρ h(γ_ρ) = h(i/2)+h(−i/2) − g(0)log π + (1/2π)∫h Re ψ − 2Σ Λ(n)n^{−1/2}g(log n). (S): Σ_j h(ρ_j) = (Area/4π)∫h ρ tanh(πρ)dρ + Σ_γ Σ_n ℓ_γ g(nℓ_γ)/(2 sinh(nℓ_γ/2)). Ambas valem para g par, C^∞, de suporte compacto","superfície hiperbólica compacta; identificação {±ρ_j reais} = {γ_ρ} a menos de finitos elementos, ou reescalada por a > 0; g com suporte em δ ≤ |x| ≤ R","Em x > 0 os termos não oscilatórios de (W) e (S) são densidades contínuas; os oscilatórios são massas pontuais localmente finitas, que ficam determinadas pela distribuição. Sob a identificação, (W) = 2×(S) + soma finita de valores de h, logo as massas coincidem. Em x = log 2, (W) tem massa −2 log 2/√2 < 0; todas as massas de (S) são ≥ 0. Contradição: nenhuma superfície compacta tem fórmula de traço igual à fórmula explícita sob essa identificação. ESCOPO: compacta, a > 0, b = 0; não trata K5b nem reparametrizações não afins",derivação escrita
E-K5-N3-SINAL,K5a,N3,V,derivação sobre fontes,"Marklof, arXiv:math/0407288v2, Teorema 4 (eq. 182) e hipóteses (H1)-(H3*); forma de referência da fórmula explícita (ETAPA11_3B_ADMISSIBILIDADE §2; ETAPA11_3B_TERMO_ARQUIMEDIANO §§4-6; Connes Teor. 6 e Lema 3); Montgomery-Vaughan, Teorema 12.13, p. 410; ETAPA11_3B_FORMULA_EXPLICITA §2.2(b)",docs/ETAPA11_PENDENCIAS_DERIVACAO.md §4,"No instrumento, o coeficiente de cada linha é a massa pontual da fórmula de traço dividida por um fator positivo fixo; com (W) isso dá c(n) = −Λ(n)/(π√n) < 0 (medido: N3)",espectro exato de superfície compacta usado como sequência de níveis no mesmo instrumento; convenção §3.2 do plano,"Com (S) no lugar de (W), as linhas ficam em x = nℓ_γ com coeficientes proporcionais, pelo mesmo fator positivo, a ℓ_γ/(2 sinh(nℓ_γ/2)) > 0. O sinal previsto é positivo em qualquer posição (inclusive x = r log p, se ℓ_γ = log p), oposto ao sinal negativo medido em N3. ESCOPO: sinal; não usa a tolerância numérica nem a faixa de alturas; não trata K5b",derivação escrita
