tau,k_connected_zeros,k_gue_mean,k_gue_q025,k_gue_q975,k_poisson_mean,k_gue_limit_min_tau_1
0.02,1.0264932363210793e-09,0.020027352202336594,0.009029510802081576,0.03421136128578798,0.9892164394021487,0.02
0.04,8.799714817638867e-09,0.04060765997181915,0.019927553638485005,0.06795169244438899,0.983254195691587,0.04
0.06,3.591681092232824e-07,0.05974241590820163,0.028800644280391797,0.10550862170290298,0.9921855146985344,0.06
0.08,0.2971239023909028,0.08024198659212868,0.03777440545960547,0.13463481533714655,0.9866597377968449,0.08
0.1,1.2992373572292203e-06,0.09991938942289301,0.050148926993394814,0.16572812084584165,0.9853539671881855,0.1
0.12000000000000001,5.8664011248086704e-05,0.11826979557763159,0.054370740378562356,0.20493880224254582,0.9935429168558629,0.12000000000000001
0.13999999999999999,0.00029077018151692,0.1387094182157375,0.06749122488439047,0.23727711773939333,0.985639746129996,0.13999999999999999
0.16,0.00810267473824175,0.1633629453144978,0.08073549921022867,0.2847357402695069,1.0080831444528882,0.16
0.18,0.00010576811213657704,0.17804327169996034,0.08325977048870785,0.30670211501509675,0.9862537551403386,0.18
0.19999999999999998,0.0007706385613738168,0.19995917135560792,0.09789441729159545,0.33736889890430327,1.013810477295165,0.19999999999999998
0.22,6.115953436201711e-05,0.21904780190748407,0.10549368840505845,0.3868037288340873,0.9870696944696951,0.22
0.24,0.0008259434725072456,0.23969322256295694,0.11774092188439006,0.41303324831625593,0.9963081602004271,0.24
0.26,0.24098759565658753,0.2573043865623575,0.12693836072696263,0.4487602464321949,0.9836177384029633,0.26
0.28,0.020052266086024853,0.2809230377633211,0.13917999478892418,0.4870156221543266,1.0074606824542691,0.28
0.30000000000000004,0.025568785033132486,0.30113888151176355,0.14680050918464538,0.5083498649740704,1.011591964625481,0.30000000000000004
0.32,1.7163459737172104e-05,0.32365895415834767,0.1520333718143578,0.5509568810220797,1.017352314814029,0.32
0.34,0.7357541102146664,0.3431183320521526,0.17182638544109854,0.5904961458680498,0.9930599603701842,0.34
0.36000000000000004,0.0004178014372888574,0.36099058343717577,0.17602508786067017,0.5981750440475887,1.001263420195802,0.36000000000000004
0.38,0.07880594950874456,0.3817393019725888,0.1726863159692259,0.6522377991210426,0.9943942758304957,0.38
0.4,0.8035796430758093,0.399926059652282,0.1943611010406584,0.6929046242240148,0.991979481961376,0.4
0.42000000000000004,0.0005885419751922288,0.4154814739387884,0.205891201208085,0.6878258377726972,1.0011338159385497,0.42000000000000004
0.44,0.43421699888296594,0.4415448428737594,0.20280833919128874,0.765270663879684,0.995175808511346,0.44
0.46,0.7518308581019575,0.4644066074668454,0.22631449412885818,0.7868281074185373,0.9950302872324792,0.46
0.48000000000000004,0.027344272342955146,0.4843427515537194,0.22853312335988746,0.8072554120789075,0.9869936076797479,0.48000000000000004
0.5,0.5260831164939891,0.5034670088794659,0.25429970082429537,0.8760700806159719,1.014071119945072,0.5
0.52,0.5419908503735886,0.5245220693862692,0.24992196594087074,0.904192505405851,1.0106205177884737,0.52
0.54,0.13097008229530938,0.54100328357154,0.25361946164953575,0.8911803190361769,0.9948150112618821,0.54
0.56,0.9688713504304891,0.5679663031295422,0.27479615295483395,0.9883391021123158,0.9940174173013323,0.56
0.5800000000000001,0.6500155215528682,0.577164072566606,0.28861907669464837,0.9936739687332785,0.9894506359142177,0.5800000000000001
0.6,0.6212023667026594,0.5988973471524175,0.28717349298560035,1.039108699556187,0.993749635248453,0.6
0.62,0.5422686669753918,0.6233839681424345,0.2969843992540975,1.0619277180102527,1.0006360190969221,0.62
0.64,0.34126843208175484,0.6426485446140467,0.2931268054725827,1.1150823992446335,0.9812660412136612,0.64
0.66,0.5273482366878259,0.6666421107965169,0.3210629005970676,1.1077893022224234,1.0215506924836042,0.66
0.68,0.5340553980406305,0.6840512353417798,0.3400133571257909,1.1511720338188554,1.001700302326147,0.68
0.7000000000000001,0.7293111991459498,0.6930816144372683,0.33198211700044206,1.1815798569106764,1.0037580855435564,0.7000000000000001
0.7200000000000001,0.7346066573040351,0.7220742588769944,0.3710250026054686,1.2359084005677774,1.0039550066185203,0.7200000000000001
0.74,0.6525769182117875,0.7322234329744832,0.33350114030298766,1.2812734889515034,0.9935753722303378,0.74
0.76,1.2099489139958237,0.7648779136643704,0.3355936163419796,1.3126367246634134,1.015653805718628,0.76
0.78,0.6951434815314215,0.7856240667737372,0.38752870746731805,1.3382566064115025,0.9920624993145322,0.78
0.8,0.8301458232902227,0.8081167993183406,0.40346689550096104,1.3747495448627554,0.9722533061784543,0.8
0.8200000000000001,1.1503871110925643,0.8223582053275409,0.39745142497660535,1.4310758705746351,1.0143626853411696,0.8200000000000001
0.8400000000000001,0.5050116348220643,0.8402529884440529,0.4209314318339492,1.3779916537194943,0.9969734126061797,0.8400000000000001
0.86,0.4676320098086333,0.8567861848328716,0.4211619177617779,1.415501924994349,1.0067154141449828,0.86
0.88,0.8865787799132746,0.886900126556556,0.43947012215314174,1.5443042943229819,1.0115757243136019,0.88
0.9,0.675886524991903,0.8960914872817572,0.437226117151655,1.530107501705689,1.0024081406824177,0.9
0.92,1.4338483113538925,0.9221645243017933,0.4269148532009346,1.5842434467340527,0.9910606294567478,0.92
0.9400000000000001,0.799446397964746,0.9442815543231166,0.47860725963986,1.556454667745106,1.0012746432651538,0.9400000000000001
0.9600000000000001,0.5618410470924389,0.9494731360270116,0.4470454860959279,1.6070287968723054,1.0107598394029775,0.9600000000000001
0.98,1.5649332989234053,0.9839695090282693,0.48032836069221174,1.6864610986635478,1.0030569483901859,0.98
1.0,3.2167725239099245,0.9916411901466592,0.49612381867683436,1.6423249207904087,0.9991113506794729,1.0
1.02,1.807624635512903,1.0054136108136877,0.48876239733588966,1.7219641225677988,1.0039188635673533,1.0
1.04,0.6913348704576152,0.9982451817624033,0.47239347872106396,1.7358887629360475,1.0033129406140167,1.0
1.06,0.8083545331647526,0.9926364284595481,0.4763941898457388,1.7014689201418105,0.9925743094207069,1.0
1.08,2.6778593561874695,0.9994824100871286,0.5079284274238998,1.7861594399153362,1.0044982574002703,1.0
1.1,0.6630243477179729,0.9899137050516342,0.46869694361183317,1.7437844758280712,0.9988779678654242,1.0
1.12,1.3707684778409068,0.9885361858273976,0.4689718474654845,1.6373113489304887,0.9912994738678337,1.0
1.1400000000000001,0.6120911724695386,1.0077944662830207,0.5018904974837959,1.6680784945954503,0.9989096013030972,1.0
1.1600000000000001,0.5904845366198356,1.0107831329185542,0.5078669514385078,1.707214226619342,0.9964756269527236,1.0
1.18,0.7026626826237862,0.9844272721676685,0.48699702911906967,1.6812454381034294,0.99398297373468,1.0
1.2,0.5132942122951452,1.0076168362862061,0.5010842460096334,1.7236686934453949,0.9972961626500189,1.0
1.22,0.8534056820857981,1.0029750766134045,0.5182848627787607,1.6330228145756538,1.0161276013878193,1.0
1.24,1.3405092763094373,0.99743260102293,0.49182014559132786,1.7018557992988053,1.013297389925498,1.0
1.26,0.570486023411934,0.9944693313652122,0.4960621482788907,1.6239079693087006,0.9917320910974792,1.0
1.28,0.9559144439412669,1.0056284672081761,0.5178237606556516,1.657181316138038,1.0258642850630117,1.0
1.3,0.40781514777735756,1.006018443878097,0.506386292772971,1.6788305509335582,0.996478057135271,1.0
1.32,1.1903525165450866,0.999911524076611,0.46709351864216553,1.7152361276789683,0.984469564390168,1.0
1.34,0.8333847943884108,0.9954764093671147,0.46915419874985637,1.7210664977463077,0.9912578095144926,1.0
1.36,0.796452191801368,1.020455126969074,0.4892511722319964,1.7819010094966055,1.0062055777733465,1.0
1.3800000000000001,1.0240413294520108,1.0086993827588522,0.5007809228150926,1.7158328337159567,1.0003373263913795,1.0
1.4000000000000001,1.0465950398701376,1.008766449291436,0.5156697938362625,1.64745317235784,0.9703769825231217,1.0
1.4200000000000002,1.044856562737928,0.9967545887202037,0.4753404836141196,1.7210185096943342,1.0056604573411945,1.0
1.44,1.3767717312309806,1.0007780873091494,0.4826480990033705,1.6631464053472744,0.9849282342748642,1.0
1.46,0.8653446630333974,0.9703901474954733,0.47560373455586585,1.6216422613710535,0.9913901902713005,1.0
1.48,0.9322008634230331,0.995047533959134,0.49811445255773995,1.699320618900881,1.0092318946289358,1.0
1.5,0.6119717802734895,0.9988634112377105,0.4741576122235556,1.7140323903886332,1.0129002355705554,1.0
1.52,0.9584981840976132,0.9912636774391363,0.4822836878119449,1.651922139676923,1.0009439865116463,1.0
1.54,0.8269148089894515,1.0218709127542962,0.49761259005920655,1.7133256069227911,1.0121593555684043,1.0
1.56,1.3523766698329,1.0057369595342394,0.48321251578099533,1.7319125144081924,0.9912071815206505,1.0
1.58,0.7510129970565244,1.0117492679284332,0.4973207616626731,1.6948504648679725,0.9906444960828488,1.0
1.6,0.7106066171844231,1.0090219035990857,0.48516007462487654,1.6836267741847084,1.0143543495419598,1.0
1.62,1.3385841713858562,0.9933207090204249,0.47127526558046356,1.688511107444832,1.0016372769110355,1.0
1.6400000000000001,0.8703216685359647,0.9902041326461593,0.49523588147723036,1.7337397089931978,1.016196258430604,1.0
1.6600000000000001,0.9246752614707022,0.9678040249115595,0.49451610969300924,1.6687292116238024,0.9907200789680118,1.0
1.6800000000000002,1.2919957380351705,1.0070919374057647,0.4300754125705542,1.727892570806512,0.994400184556252,1.0
1.7,0.8888074700228636,1.0104767398069114,0.4787220715681124,1.7041500358496955,0.9933944954578415,1.0
1.72,0.3200635376056886,0.9914649111402916,0.4429282991426273,1.6494696874852954,0.9841645784934256,1.0
1.74,0.9738066823151342,0.9953391328544958,0.5117634744902857,1.7228075377642789,1.0081235632404761,1.0
1.76,1.092484097665262,0.996739283655518,0.5040471203244021,1.6441195506039903,1.0139830109303458,1.0
1.78,1.1811992091421835,1.0199140760558159,0.5081894895597759,1.7075837809835859,0.9860916393432749,1.0
1.8,0.9359289552761938,1.0015369481818042,0.5127497044778184,1.6458096865681866,0.9899271376955061,1.0
1.82,1.0016270074830882,0.9955150341746183,0.45020792838565116,1.6957985026987752,0.989169895630872,1.0
1.84,0.5719259667052484,0.9862909809266794,0.4891080630269543,1.7201201686126157,1.010541573014515,1.0
1.86,1.1527942315886919,0.9972375850703914,0.491030014179233,1.6628555824595104,1.003536296700753,1.0
1.8800000000000001,0.5254020173938208,1.0135439350863455,0.4753866002969805,1.7494851275812229,0.9741798203382088,1.0
1.9000000000000001,0.8670538784203601,0.9890839516023869,0.4818374849242083,1.7276737203240893,0.990056096531229,1.0
1.9200000000000002,1.8373247854529104,1.0167024699005442,0.47034962639947986,1.7127667019903343,0.9985130204644938,1.0
1.94,1.1098636582358066,1.0023724595366266,0.46360207245642965,1.6680453450096866,0.9950669037113055,1.0
1.96,0.8718725092121631,0.9825170404975148,0.4688053215610553,1.6514533573144299,0.9960795653850348,1.0
1.98,1.2787186914130497,1.019013393449394,0.4976206123168224,1.7687422760230078,0.9866567916664376,1.0
2.0,0.8916479011210372,0.9907723868532685,0.5007011989587856,1.6586824095974007,0.9888503918157266,1.0
